Date,Airline,Flight,From,To,Dep Terminal,Dep Gate,Arr Terminal,Arr Gate,Canceled,Diverted To,Gate Departure (Scheduled),Gate Departure (Actual),Take off (Scheduled),Take off (Actual),Landing (Scheduled),Landing (Actual),Gate Arrival (Scheduled),Gate Arrival (Actual),Aircraft Type Name,Tail Number,PNR,Seat,Seat Type,Cabin Class,Flight Reason,Notes,Flight Flighty ID,Airline Flighty ID,Departure Airport Flighty ID,Arrival Airport Flighty ID,Diverted To Airport Flighty ID,Aircraft Type Flighty ID
2012-12-01,EIN,136,BOS,DUB,E,,2,,false,,2012-12-01T18:15,2012-12-01T18:30,2012-12-01T18:28,2012-12-01T18:45,2012-12-02T04:46,,2012-12-02T05:25,2012-12-02T05:21,,,,,,,,,130e6519-538c-412b-87e7-100df27475aa,a4a016d4-2a72-44e9-8708-6ed6a5a9d2d1,813ec62f-c303-44d9-a041-a4434d6fd652,5dc01a9f-6855-4248-8e7b-0fef83144078,,
2012-12-12,EIN,137,DUB,BOS,2,,E,,false,,2012-12-12T14:00,2012-12-12T14:08,2012-12-12T14:10,2012-12-12T14:09,2012-12-12T15:54,2012-12-12T16:07,2012-12-12T16:05,2012-12-12T16:16,,,,,,,,,0729215f-3e7b-42c0-a0b8-daa3d2583203,a4a016d4-2a72-44e9-8708-6ed6a5a9d2d1,5dc01a9f-6855-4248-8e7b-0fef83144078,813ec62f-c303-44d9-a041-a4434d6fd652,,
2015-04-11,UAL,15,EWR,HNL,C,123,M,13,false,,2015-04-11T09:10,2015-04-11T09:09,2015-04-11T09:34,2015-04-11T09:33,2015-04-11T13:08,2015-04-11T13:46,2015-04-11T14:15,2015-04-11T14:04,Boeing 767-400,N76065,,,,,,,850550e9-f9e0-427e-8449-3ec858863689,b57b4c86-4724-48f1-80be-d7de4036004a,4427d229-a1e2-4955-81fa-9b5c0f103f12,520bf633-9001-4347-9db0-5aa228ee7c30,,dae07e29-15b1-4f35-9552-d70888135843
2015-04-11,UAL,5008,BDL,EWR,Main,20,C,115,false,,2015-04-11T10:22,2015-04-11T11:26,2015-04-11T11:34,2015-04-11T11:40,2015-04-11T12:18,2015-04-11T12:33,2015-04-11T11:32,2015-04-11T12:43,"DHC-8-200 Dash 8 ",N362PH,,,,,,,4f66428b-1e0f-49e5-9ad2-4dbade6cb1bd,b57b4c86-4724-48f1-80be-d7de4036004a,82ad5ec0-c83c-42bb-91b7-f6c4e1e09e8c,4427d229-a1e2-4955-81fa-9b5c0f103f12,,597a2edf-ac70-4a8f-b1d5-4fc3d11f7c67
2015-04-20,UAL,14,HNL,EWR,M,6,C,102,false,,2015-04-20T20:10,2015-04-20T20:28,2015-04-20T20:27,2015-04-20T20:51,2015-04-21T11:26,2015-04-21T11:55,2015-04-21T11:57,2015-04-21T12:04,Boeing 767-400,N76065,,,,,,,e8d4bcf4-cc9e-417d-bf70-0c1acb246d87,b57b4c86-4724-48f1-80be-d7de4036004a,520bf633-9001-4347-9db0-5aa228ee7c30,4427d229-a1e2-4955-81fa-9b5c0f103f12,,dae07e29-15b1-4f35-9552-d70888135843
2015-04-21,UAL,4241,EWR,BDL,A,27,Main,20,false,,2015-04-21T11:26,2015-04-21T11:48,2015-04-21T12:09,2015-04-21T12:09,2015-04-21T11:58,2015-04-21T12:39,2015-04-21T12:21,2015-04-21T12:44,Embraer RJ145,N26545,,,,,,,256940ba-0ce9-461d-9710-c2915ed67e23,b57b4c86-4724-48f1-80be-d7de4036004a,4427d229-a1e2-4955-81fa-9b5c0f103f12,82ad5ec0-c83c-42bb-91b7-f6c4e1e09e8c,,6358f527-1221-47d3-9170-26351f84ac05
2019-05-11,SWA,3788,BWI,BDL,Main,,Main,,false,,2019-05-11T08:05,2019-05-11T08:13,,2019-05-11T08:27,2019-05-11T08:05,2019-05-11T08:05,2019-05-11T09:15,2019-05-11T09:17,Boeing 737-700,N7713A,,,,,,,229c502c-b2b9-4bca-b293-98c4543e88a5,be4c4286-2c02-4dca-86d4-56e19aa348f7,4923b37c-381e-48e6-ba91-7c75d4151f64,82ad5ec0-c83c-42bb-91b7-f6c4e1e09e8c,,886c3a0c-c7a3-4205-982f-35cddc765ae1
2019-07-07,AAL,1690,BDL,CLT,Main,,Main,,false,,2019-07-07T06:03,2019-07-07T15:23,,2019-07-07T15:36,2019-07-07T06:03,2019-07-07T06:03,2019-07-07T08:11,2019-07-07T17:13,Airbus A321,N922US,,,,,,,6d5ee72c-fc16-4931-8672-12e7b0047af4,ae1fc6a5-c42d-4e70-ba63-d641d248d270,82ad5ec0-c83c-42bb-91b7-f6c4e1e09e8c,9bafd1d5-34a5-4ba8-b6af-61d3350d5912,,5904cdc2-eccf-41fe-8345-e82a51d3269c
2019-07-07,AAL,4529,CLT,HHH,Main,C5,,4,false,,2019-07-07T09:18,2019-07-07T09:12,2019-07-07T09:35,2019-07-07T09:40,2019-07-07T10:15,2019-07-07T10:20,2019-07-07T10:23,2019-07-07T10:26,Embraer 175,N120HQ,,,,,,,277711de-7356-4a54-ae75-3334d7342945,ae1fc6a5-c42d-4e70-ba63-d641d248d270,9bafd1d5-34a5-4ba8-b6af-61d3350d5912,8d8482bd-95b2-4b59-b774-b4cf0e844d8c,,36728d5b-40cd-46ec-93ba-8822376b565d
2019-12-11,SWA,52,BDL,BWI,Main,,Main,,false,,2019-12-11T12:35,2019-12-11T12:37,,2019-12-11T12:43,2019-12-11T12:35,2019-12-11T12:35,2019-12-11T13:50,2019-12-11T14:01,Boeing 737-700,N7854B,W5GT7Y,,,,,,a69d8ec8-b3a4-4dcb-b5d7-28c6d4f007ca,be4c4286-2c02-4dca-86d4-56e19aa348f7,82ad5ec0-c83c-42bb-91b7-f6c4e1e09e8c,4923b37c-381e-48e6-ba91-7c75d4151f64,,886c3a0c-c7a3-4205-982f-35cddc765ae1
2019-12-13,SWA,392,MSY,FLL,Main,,,,false,,2019-12-13T17:55,2019-12-13T18:22,,2019-12-13T18:35,2019-12-13T18:55,2019-12-13T18:55,2019-12-13T20:50,2019-12-13T21:17,Boeing 737-700,N473WN,W5GT7Y,,,,,,eb3210a0-c5ce-4713-ac04-67dcfaa0dee6,be4c4286-2c02-4dca-86d4-56e19aa348f7,f874b6f5-ac69-41f2-8cf4-76cf1a1aca9c,5420aa1f-50fb-46f2-b2e8-b7e99ff9f4fb,,886c3a0c-c7a3-4205-982f-35cddc765ae1
2019-12-13,SWA,334,FLL,BDL,,,Main,,false,,2019-12-13T21:35,2019-12-13T22:47,,2019-12-13T22:55,2019-12-13T21:35,2019-12-13T21:35,2019-12-14T00:20,2019-12-14T01:16,Boeing 737-800,N8665D,W5GT7Y,,,,,,186d18fb-0557-4bd4-a586-20dfa7b84cc0,be4c4286-2c02-4dca-86d4-56e19aa348f7,5420aa1f-50fb-46f2-b2e8-b7e99ff9f4fb,82ad5ec0-c83c-42bb-91b7-f6c4e1e09e8c,,8ad8530e-acd0-42bf-abc5-1e70c4a076bf
2020-12-26,SWA,32,BDL,TPA,Main,6,,C37,false,,2020-12-26T16:50,2020-12-26T16:49,2020-12-26T17:00,2020-12-26T16:58:01,2020-12-26T19:37,2020-12-26T19:33,2020-12-26T19:44,2020-12-26T19:40,Boeing 737-700,N569WN,,,,,,,434bf022-09f9-4ef5-8716-5e60f45b5d7f,be4c4286-2c02-4dca-86d4-56e19aa348f7,82ad5ec0-c83c-42bb-91b7-f6c4e1e09e8c,af50854a-e728-4e40-885b-d8b73b69f6e8,,886c3a0c-c7a3-4205-982f-35cddc765ae1
2020-12-30,SWA,774,TPA,BWI,,C39,Main,B10,false,,2020-12-30T12:10,2020-12-30T12:07,2020-12-30T12:25,2020-12-30T12:13,2020-12-30T14:19,2020-12-30T14:00,2020-12-30T14:25,2020-12-30T14:05,Boeing 737-800,N8583Z,,,,,,,dec70198-1a0c-4f78-9d1f-a6035c74b2aa,be4c4286-2c02-4dca-86d4-56e19aa348f7,af50854a-e728-4e40-885b-d8b73b69f6e8,4923b37c-381e-48e6-ba91-7c75d4151f64,,8ad8530e-acd0-42bf-abc5-1e70c4a076bf
2020-12-30,SWA,392,BWI,BDL,Main,B7,Main,4,false,,2020-12-30T15:10,2020-12-30T15:12,2020-12-30T15:20,2020-12-30T15:23:20,2020-12-30T16:10,2020-12-30T16:09,2020-12-30T16:15,2020-12-30T16:15,Boeing 737-700,N231WN,,,,,,,408e4247-84ff-421c-bc61-90af842156f9,be4c4286-2c02-4dca-86d4-56e19aa348f7,4923b37c-381e-48e6-ba91-7c75d4151f64,82ad5ec0-c83c-42bb-91b7-f6c4e1e09e8c,,886c3a0c-c7a3-4205-982f-35cddc765ae1
2021-07-09,SWA,581,BDL,BWI,Main,4,Main,B4,false,,2021-07-09T16:45,2021-07-09T16:48,2021-07-09T16:55,2021-07-09T16:55:21,2021-07-09T17:55,2021-07-09T17:56,,2021-07-09T18:02,Boeing 737-800,N8502Z,,,,,,,ed023ca0-8232-49a1-b3a5-0961e4570fe3,be4c4286-2c02-4dca-86d4-56e19aa348f7,82ad5ec0-c83c-42bb-91b7-f6c4e1e09e8c,4923b37c-381e-48e6-ba91-7c75d4151f64,,8ad8530e-acd0-42bf-abc5-1e70c4a076bf
2021-07-09,SWA,2074,BWI,SAV,Main,A10,Main,9,false,,2021-07-09T19:10,2021-07-09T19:13,2021-07-09T19:20,2021-07-09T19:34:40,2021-07-09T20:45,2021-07-09T20:53,2021-07-09T20:49,2021-07-09T20:58,Boeing 737-700,N498WN,,,,,,,8bc79d77-a964-4d48-ae9b-49ff1a2b1083,be4c4286-2c02-4dca-86d4-56e19aa348f7,4923b37c-381e-48e6-ba91-7c75d4151f64,46bb7aec-1c6b-409d-803a-de29e8700bdf,,886c3a0c-c7a3-4205-982f-35cddc765ae1
2022-02-04,SWA,1832,BDL,BWI,Main,4,Main,A9,false,,2022-02-04T16:55,2022-02-04T18:08,2022-02-04T17:05,2022-02-04T18:17:18,2022-02-04T18:00,2022-02-04T19:19,2022-02-04T18:19,2022-02-04T19:26,Boeing 737-700,N929WN,,,,,,,b09174c2-dfda-4575-8a15-64f8ffe55f64,be4c4286-2c02-4dca-86d4-56e19aa348f7,82ad5ec0-c83c-42bb-91b7-f6c4e1e09e8c,4923b37c-381e-48e6-ba91-7c75d4151f64,,886c3a0c-c7a3-4205-982f-35cddc765ae1
2022-02-04,SWA,359,BWI,BHM,Main,B6,,C1,false,,2022-02-04T20:20,2022-02-04T20:25,2022-02-04T20:30,2022-02-04T20:49:16,2022-02-04T21:20,2022-02-04T21:57,2022-02-04T21:38,2022-02-04T22:00,Boeing 737-700,N493WN,,,,,,,15efea90-af96-4a4f-9ff9-1b07bb63d4e0,be4c4286-2c02-4dca-86d4-56e19aa348f7,4923b37c-381e-48e6-ba91-7c75d4151f64,ad30c1c9-c6fb-42f3-a389-de328401691a,,886c3a0c-c7a3-4205-982f-35cddc765ae1
2022-02-06,SWA,268,BHM,BWI,,C5,Main,B14,false,,2022-02-06T06:40,2022-02-06T06:43,2022-02-06T06:50,2022-02-06T06:52:05,2022-02-06T09:30,2022-02-06T09:19,2022-02-06T09:31,2022-02-06T09:30,Boeing 737-700,N230WN,,,,,,,e4372d0f-2ec3-49f5-94e9-756fb6248383,be4c4286-2c02-4dca-86d4-56e19aa348f7,ad30c1c9-c6fb-42f3-a389-de328401691a,4923b37c-381e-48e6-ba91-7c75d4151f64,,886c3a0c-c7a3-4205-982f-35cddc765ae1
2022-02-06,SWA,1438,BWI,BDL,Main,B2,Main,6,false,,2022-02-06T10:55,2022-02-06T10:56,2022-02-06T11:05,2022-02-06T11:14:45,2022-02-06T12:00,2022-02-06T12:12,2022-02-06T12:25,2022-02-06T12:19,Boeing 737-800,N8544Z,,,,,,,bdabd0bb-30a9-4f91-97b8-a40ec8a99024,be4c4286-2c02-4dca-86d4-56e19aa348f7,4923b37c-381e-48e6-ba91-7c75d4151f64,82ad5ec0-c83c-42bb-91b7-f6c4e1e09e8c,,8ad8530e-acd0-42bf-abc5-1e70c4a076bf
2022-04-09,DLH,423,BOS,FRA,E,E10,1,Z25,false,,2022-04-09T17:25,2022-04-09T20:00,2022-04-09T17:45,2022-04-09T20:25,2022-04-10T06:04,2022-04-10T08:50,2022-04-10T06:20,2022-04-10T08:59,Boeing 747-400,DABTK,,,,,,,ccbb88c8-c4f1-483f-ac5b-b13127cf2630,f5251aea-6a53-45b9-b762-9f6580de440e,813ec62f-c303-44d9-a041-a4434d6fd652,9e8dd658-32ff-4277-acb3-8c2b5dc39431,,c71ef305-0d60-4253-9650-b4f6eaf4713c
2022-04-18,DLH,422,FRA,BOS,1,Z69,E,E10,false,,2022-04-18T13:30,2022-04-18T13:39,2022-04-18T13:40,2022-04-18T13:58,2022-04-18T15:07,2022-04-18T15:25,2022-04-18T15:25,2022-04-18T15:33,Boeing 747-400,DABTK,,,,,,,5390fc79-10cb-4359-9ec3-043f9f72c5c9,f5251aea-6a53-45b9-b762-9f6580de440e,9e8dd658-32ff-4277-acb3-8c2b5dc39431,813ec62f-c303-44d9-a041-a4434d6fd652,,c71ef305-0d60-4253-9650-b4f6eaf4713c
2022-04-19,DLH,337,NAP,FRA,,A7,1,,false,,2022-04-19T06:40,2022-04-19T06:51,2022-04-19T06:50,2022-04-19T07:02:52,2022-04-19T08:35,2022-04-19T08:56:13,2022-04-19T08:45,2022-04-19T09:01,Airbus A321,DAISV,,,,,,,dadaf614-3849-4df5-9773-8f9d32aa331f,f5251aea-6a53-45b9-b762-9f6580de440e,bf1b680d-e40a-479e-b446-69e8f5efe76b,9e8dd658-32ff-4277-acb3-8c2b5dc39431,,5904cdc2-eccf-41fe-8345-e82a51d3269c
2022-10-09,SWA,2971,BHM,BWI,,C1,Main,B4,false,,2022-10-09T06:05,2022-10-09T06:06,2022-10-09T06:15,2022-10-09T06:15:56,2022-10-09T08:50,2022-10-09T08:46,2022-10-09T09:00,2022-10-09T08:51,Boeing 737-800,N8680C,,,,,,,a4c84d0c-b807-4ae3-99e2-505161721641,be4c4286-2c02-4dca-86d4-56e19aa348f7,ad30c1c9-c6fb-42f3-a389-de328401691a,4923b37c-381e-48e6-ba91-7c75d4151f64,,8ad8530e-acd0-42bf-abc5-1e70c4a076bf
2022-10-09,SWA,1817,BWI,BDL,Main,A14,Main,6,false,,2022-10-09T10:40,2022-10-09T10:41,2022-10-09T10:50,2022-10-09T10:53:02,2022-10-09T11:50,2022-10-09T11:52,2022-10-09T12:00,2022-10-09T11:58,Boeing 737-800,N8667D,,,,,,,e702f5e2-c6a4-4489-99ba-ea1dd440950f,be4c4286-2c02-4dca-86d4-56e19aa348f7,4923b37c-381e-48e6-ba91-7c75d4151f64,82ad5ec0-c83c-42bb-91b7-f6c4e1e09e8c,,8ad8530e-acd0-42bf-abc5-1e70c4a076bf
2022-10-11,AAL,2951,BDL,DCA,Main,A29,2,D42,false,,2022-10-11T17:42,2022-10-11T17:42,2022-10-11T17:52,2022-10-11T17:51:52,2022-10-11T18:51,2022-10-11T18:52:17,2022-10-11T19:01,2022-10-11T18:56,Airbus A319,N813AW,,,,,,,51f10931-79cf-4aed-8c36-42cf5b2038e5,ae1fc6a5-c42d-4e70-ba63-d641d248d270,82ad5ec0-c83c-42bb-91b7-f6c4e1e09e8c,be38c6f9-3dd7-41e2-baf8-929dbd2b54f3,,fb8254ff-1d83-4fe1-a147-882c217dfcbe
2022-10-11,AAL,5561,DCA,BHM,2,E53,,B3,false,,2022-10-11T20:08,2022-10-11T20:01,2022-10-11T20:18,2022-10-11T20:24:38,2022-10-11T21:10,2022-10-11T20:55,2022-10-11T21:20,2022-10-11T20:58,Bombardier CRJ700,N540EG,,,,,,,73cf2732-b090-4252-ab78-7f3b08bb31b7,ae1fc6a5-c42d-4e70-ba63-d641d248d270,be38c6f9-3dd7-41e2-baf8-929dbd2b54f3,ad30c1c9-c6fb-42f3-a389-de328401691a,,1404a49a-a829-47ff-b37b-6c9273f21c77
2022-11-22,SWA,706,BHM,BWI,,C5,Main,C8,false,,2022-11-22T18:25,2022-11-22T19:22,2022-11-22T18:35,2022-11-22T19:30:28,2022-11-22T21:10,2022-11-22T21:57:44,2022-11-22T21:20,2022-11-22T22:13,Boeing 737-700,N468WN,,,,,,,cbe3e559-5193-4e32-90fd-ba5a3f1c1d81,be4c4286-2c02-4dca-86d4-56e19aa348f7,ad30c1c9-c6fb-42f3-a389-de328401691a,4923b37c-381e-48e6-ba91-7c75d4151f64,,886c3a0c-c7a3-4205-982f-35cddc765ae1
2022-11-27,AAL,2418,BDL,CLT,Main,A25,Main,B1,false,,2022-11-27T06:05,2022-11-27T06:05,2022-11-27T06:15,2022-11-27T06:18:19,2022-11-27T08:03,2022-11-27T08:01,2022-11-27T08:13,2022-11-27T08:10,Airbus A320,N660AW,,,,ECONOMY,,,cfc8125f-e616-4403-b48b-1846d672e1d2,ae1fc6a5-c42d-4e70-ba63-d641d248d270,82ad5ec0-c83c-42bb-91b7-f6c4e1e09e8c,9bafd1d5-34a5-4ba8-b6af-61d3350d5912,,dd390a1f-e92a-4411-ab72-04db16d42030
2022-11-27,AAL,1442,CLT,BHM,Main,B2,,B4,false,,2022-11-27T09:07,2022-11-27T09:31,2022-11-27T09:17,2022-11-27T10:06:10,2022-11-27T09:23,2022-11-27T10:11:01,2022-11-27T09:33,2022-11-27T10:15,Airbus A319,N742PS,,,,ECONOMY,,,1b7dd2cf-f066-48ff-b73d-f2ff126ce81c,ae1fc6a5-c42d-4e70-ba63-d641d248d270,9bafd1d5-34a5-4ba8-b6af-61d3350d5912,ad30c1c9-c6fb-42f3-a389-de328401691a,,fb8254ff-1d83-4fe1-a147-882c217dfcbe
2022-12-12,SWA,1671,SAV,BWI,Main,9,Main,A7,false,,2022-12-12T19:10,2022-12-12T19:24,2022-12-12T19:20,2022-12-12T19:32:42,2022-12-12T20:35,2022-12-12T20:58:29,2022-12-12T20:45,2022-12-12T21:05,Boeing 737-700,N737JW,,,,,,,2359737a-c9ef-4479-abc1-6de1f0f845d2,be4c4286-2c02-4dca-86d4-56e19aa348f7,46bb7aec-1c6b-409d-803a-de29e8700bdf,4923b37c-381e-48e6-ba91-7c75d4151f64,,886c3a0c-c7a3-4205-982f-35cddc765ae1
2022-12-12,SWA,1630,BWI,BDL,Main,B12,Main,6,false,,2022-12-12T21:55,2022-12-12T22:01,2022-12-12T22:05,2022-12-12T22:08:47,2022-12-12T22:55,2022-12-12T22:59,2022-12-12T23:05,2022-12-12T23:05,Boeing 737-800,N8316H,,,,,,,c983d5a4-0471-4859-9cb5-d3e337051677,be4c4286-2c02-4dca-86d4-56e19aa348f7,4923b37c-381e-48e6-ba91-7c75d4151f64,82ad5ec0-c83c-42bb-91b7-f6c4e1e09e8c,,8ad8530e-acd0-42bf-abc5-1e70c4a076bf
2022-12-13,SWA,1671,SAV,BWI,Main,9,Main,A9,false,,2022-12-13T19:10,2022-12-13T19:23,2022-12-13T19:20,2022-12-13T19:31:13,2022-12-13T20:35,2022-12-13T20:49:46,2022-12-13T20:45,2022-12-13T20:54,Boeing 737-700,N229WN,3LBBBN,,,,,,cbd47423-6202-4fa6-9e20-51b6ea7477c8,be4c4286-2c02-4dca-86d4-56e19aa348f7,46bb7aec-1c6b-409d-803a-de29e8700bdf,4923b37c-381e-48e6-ba91-7c75d4151f64,,886c3a0c-c7a3-4205-982f-35cddc765ae1
2022-12-13,SWA,1630,BWI,BDL,Main,B15,Main,6,false,,2022-12-13T21:55,2022-12-13T22:16,2022-12-13T22:05,2022-12-13T22:28:04,2022-12-13T22:55,2022-12-13T23:17:26,2022-12-13T23:05,2022-12-13T23:22,Boeing 737 MAX 8,N8803L,3LBBBN,,,,,,46d277f6-c08c-417f-9910-dd66644a5b3a,be4c4286-2c02-4dca-86d4-56e19aa348f7,4923b37c-381e-48e6-ba91-7c75d4151f64,82ad5ec0-c83c-42bb-91b7-f6c4e1e09e8c,,5ee1c1db-bf8c-475a-99b0-262bbc7a50b2
2023-01-07,SWA,4378,BDL,BNA,Main,6,Main,C21,false,,2023-01-07T12:50,2023-01-07T13:05,2023-01-07T13:00,2023-01-07T13:14:36,2023-01-07T14:25,2023-01-07T14:21:14,2023-01-07T14:35,2023-01-07T14:26,Boeing 737-700,N285WN,3LBBBN,,,,,,f47e0f89-c196-4f4e-a2de-4d50d86f9627,be4c4286-2c02-4dca-86d4-56e19aa348f7,82ad5ec0-c83c-42bb-91b7-f6c4e1e09e8c,812e405f-26e2-44fb-83fc-db16918270b2,,886c3a0c-c7a3-4205-982f-35cddc765ae1
2023-01-07,SWA,2733,BNA,SAV,Main,C20,Main,9,false,,2023-01-07T15:10,2023-01-07T15:04,2023-01-07T15:20,2023-01-07T15:13:44,2023-01-07T17:25,2023-01-07T17:11:18,2023-01-07T17:35,2023-01-07T17:15,Boeing 737-700,N202WN,3LBBBN,,,,,,fd66d52a-151a-4914-8d3c-382dfddb89b4,be4c4286-2c02-4dca-86d4-56e19aa348f7,812e405f-26e2-44fb-83fc-db16918270b2,46bb7aec-1c6b-409d-803a-de29e8700bdf,,886c3a0c-c7a3-4205-982f-35cddc765ae1
2023-04-14,SWA,343,BDL,MDW,Main,6,Main,B18,false,,2023-04-14T05:15,2023-04-14T05:14,2023-04-14T05:25,2023-04-14T05:26:49,2023-04-14T06:29,2023-04-14T06:21,2023-04-14T06:40,2023-04-14T06:28,Boeing 737 MAX 8,N8808Q,,,,,,,9d2115b6-6244-41e0-96cc-413d345b9bfc,be4c4286-2c02-4dca-86d4-56e19aa348f7,82ad5ec0-c83c-42bb-91b7-f6c4e1e09e8c,b1bccd34-3f11-416a-998f-65cc527ca2a0,,5ee1c1db-bf8c-475a-99b0-262bbc7a50b2
2023-04-14,SWA,1873,MDW,BHM,Main,A15,,C1,false,,2023-04-14T08:45,2023-04-14T08:47,2023-04-14T08:55,2023-04-14T08:58:43,2023-04-14T10:22,2023-04-14T10:17,2023-04-14T10:30,2023-04-14T10:21,Boeing 737-700,N230WN,,,,,,,9945a061-478e-46b5-9659-4c75404c9062,be4c4286-2c02-4dca-86d4-56e19aa348f7,b1bccd34-3f11-416a-998f-65cc527ca2a0,ad30c1c9-c6fb-42f3-a389-de328401691a,,886c3a0c-c7a3-4205-982f-35cddc765ae1
2023-04-15,SWA,2517,BDL,BWI,Main,6,Main,B14,false,,2023-04-15T06:05,2023-04-15T06:05,2023-04-15T06:15,2023-04-15T06:20:48,2023-04-15T07:07,2023-04-15T07:12,2023-04-15T07:15,2023-04-15T07:17,Boeing 737 MAX 8,N8807L,,,,,,,0cf1ed2f-a8d4-4d5d-8c9b-b00b8b304287,be4c4286-2c02-4dca-86d4-56e19aa348f7,82ad5ec0-c83c-42bb-91b7-f6c4e1e09e8c,4923b37c-381e-48e6-ba91-7c75d4151f64,,5ee1c1db-bf8c-475a-99b0-262bbc7a50b2
2023-04-15,SWA,2491,BWI,BHM,Main,B5,,C1,false,,2023-04-15T08:30,2023-04-15T08:30,2023-04-15T08:40,2023-04-15T08:53:16,2023-04-15T09:17,2023-04-15T09:28,2023-04-15T09:35,2023-04-15T09:32,Boeing 737-700,N7846A,,,,,,,58f565d8-2a31-4e08-957f-82b71601e520,be4c4286-2c02-4dca-86d4-56e19aa348f7,4923b37c-381e-48e6-ba91-7c75d4151f64,ad30c1c9-c6fb-42f3-a389-de328401691a,,886c3a0c-c7a3-4205-982f-35cddc765ae1
2023-04-16,SWA,2772,BHM,DEN,,C3,Main,C61,false,,2023-04-16T19:10,2023-04-16T19:32,2023-04-16T19:20,2023-04-16T19:45:25,2023-04-16T20:54,2023-04-16T21:21:34,2023-04-16T21:15,2023-04-16T21:29,Boeing 737-700,N7883A,,,,,,,535f758c-fa7b-47d5-a973-4405d4df5b39,be4c4286-2c02-4dca-86d4-56e19aa348f7,ad30c1c9-c6fb-42f3-a389-de328401691a,d00b5728-0678-4689-b660-fe9e583203dc,,886c3a0c-c7a3-4205-982f-35cddc765ae1
2023-04-16,SWA,1807,BWI,BDL,Main,B15,Main,6,false,,2023-04-16T22:10,2023-04-16T22:42,2023-04-16T22:20,2023-04-16T23:01:28,2023-04-16T23:07,2023-04-16T23:53,2023-04-16T23:25,2023-04-17T00:03,Boeing 737 MAX 8,N8834L,,,,,,,af728119-263e-4957-b3f4-126b3a47210f,be4c4286-2c02-4dca-86d4-56e19aa348f7,4923b37c-381e-48e6-ba91-7c75d4151f64,82ad5ec0-c83c-42bb-91b7-f6c4e1e09e8c,,5ee1c1db-bf8c-475a-99b0-262bbc7a50b2
2023-04-17,SWA,2772,BHM,BWI,,C1,Main,B5,false,,2023-04-17T16:30,2023-04-17T16:43,2023-04-17T16:40,2023-04-17T16:57:45,2023-04-17T19:09,2023-04-17T19:26:47,2023-04-17T19:30,2023-04-17T19:32,Boeing 737-700,N938WN,4L46LB,,,,,,4b644cd1-d2ad-4df5-ab4f-133b1bfa8dbb,be4c4286-2c02-4dca-86d4-56e19aa348f7,ad30c1c9-c6fb-42f3-a389-de328401691a,4923b37c-381e-48e6-ba91-7c75d4151f64,,886c3a0c-c7a3-4205-982f-35cddc765ae1
2023-04-17,SWA,1807,BWI,BDL,Main,B14,Main,4,false,,2023-04-17T21:55,2023-04-17T22:45,2023-04-17T22:05,2023-04-17T22:54:57,2023-04-17T22:49,2023-04-17T23:40,2023-04-17T23:10,2023-04-17T23:44,Boeing 737-800,N8571Z,4L46LB,,,,,,d7d98c84-e4fe-43c1-b411-d54f856a845a,be4c4286-2c02-4dca-86d4-56e19aa348f7,4923b37c-381e-48e6-ba91-7c75d4151f64,82ad5ec0-c83c-42bb-91b7-f6c4e1e09e8c,,8ad8530e-acd0-42bf-abc5-1e70c4a076bf
2023-04-23,SWA,1769,BHM,BWI,,C1,Main,A8,false,,2023-04-23T18:05,2023-04-23T18:18,2023-04-23T18:15,2023-04-23T18:27:46,2023-04-23T20:51,2023-04-23T21:02:22,2023-04-23T21:00,2023-04-23T21:08,Boeing 737-700,N7736A,,,,,,,ad77fec4-1551-4a90-ba84-2193482b99f9,be4c4286-2c02-4dca-86d4-56e19aa348f7,ad30c1c9-c6fb-42f3-a389-de328401691a,4923b37c-381e-48e6-ba91-7c75d4151f64,,886c3a0c-c7a3-4205-982f-35cddc765ae1
2023-04-23,SWA,1807,BWI,BDL,Main,A13,Main,4,false,,2023-04-23T22:10,2023-04-23T22:50,2023-04-23T22:20,2023-04-23T22:59:01,2023-04-23T23:16,2023-04-23T23:40:47,2023-04-23T23:25,2023-04-23T23:49,Boeing 737 MAX 8,N871HK,,,,,,,7a2a99bc-4dec-4e70-91e4-dd1eebd1da34,be4c4286-2c02-4dca-86d4-56e19aa348f7,4923b37c-381e-48e6-ba91-7c75d4151f64,82ad5ec0-c83c-42bb-91b7-f6c4e1e09e8c,,5ee1c1db-bf8c-475a-99b0-262bbc7a50b2
2023-06-13,AAL,4263,BDL,DCA,Main,A28,2,D40,false,,2023-06-13T05:28,2023-06-13T05:18,2023-06-13T05:38,2023-06-13T05:27:28,2023-06-13T06:36,2023-06-13T06:27:19,2023-06-13T06:55,2023-06-13T06:35,Embraer 175,N433YX,,,,ECONOMY,,,917a896a-916a-419a-ac43-cdf8e78b8128,ae1fc6a5-c42d-4e70-ba63-d641d248d270,82ad5ec0-c83c-42bb-91b7-f6c4e1e09e8c,be38c6f9-3dd7-41e2-baf8-929dbd2b54f3,,36728d5b-40cd-46ec-93ba-8822376b565d
2023-06-13,AAL,4652,DCA,HHH,2,D43B,,4,false,,2023-06-13T08:23,2023-06-13T08:18,2023-06-13T08:33,2023-06-13T09:32,2023-06-13T09:28,2023-06-13T11:02:08,2023-06-13T10:38,2023-06-13T11:06,Embraer 175,N429YX,,,,ECONOMY,,,6bcdc25c-a593-418e-8192-85abba56322d,ae1fc6a5-c42d-4e70-ba63-d641d248d270,be38c6f9-3dd7-41e2-baf8-929dbd2b54f3,8d8482bd-95b2-4b59-b774-b4cf0e844d8c,,36728d5b-40cd-46ec-93ba-8822376b565d
2023-06-17,SWA,3023,SAV,BWI,Main,9,Main,B13,false,,2023-06-17T07:00,2023-06-17T06:54,2023-06-17T07:10,2023-06-17T07:08:45,2023-06-17T08:24,2023-06-17T08:27:14,2023-06-17T08:40,2023-06-17T08:34,Boeing 737 MAX 8,N8713M,,,,,,,9d977f36-0450-45f3-875b-d2eff6eb527f,be4c4286-2c02-4dca-86d4-56e19aa348f7,46bb7aec-1c6b-409d-803a-de29e8700bdf,4923b37c-381e-48e6-ba91-7c75d4151f64,,5ee1c1db-bf8c-475a-99b0-262bbc7a50b2
2023-06-17,SWA,964,BWI,BDL,Main,B12,Main,6,false,,2023-06-17T10:45,2023-06-17T10:50,2023-06-17T10:55,2023-06-17T11:08,2023-06-17T11:44,2023-06-17T12:02:20,2023-06-17T11:55,2023-06-17T12:07,Boeing 737 MAX 8,N8746Q,,,,,,,0400fdbe-5098-41bb-bd6c-5ad3357d2642,be4c4286-2c02-4dca-86d4-56e19aa348f7,4923b37c-381e-48e6-ba91-7c75d4151f64,82ad5ec0-c83c-42bb-91b7-f6c4e1e09e8c,,5ee1c1db-bf8c-475a-99b0-262bbc7a50b2
2023-06-18,SWA,1217,BDL,BWI,Main,6,Main,C14,false,,2023-06-18T06:00,2023-06-18T06:01,2023-06-18T06:10,2023-06-18T06:10:45,2023-06-18T07:06,2023-06-18T07:01:33,2023-06-18T07:15,2023-06-18T07:09,Boeing 737 MAX 8,N8837Q,,,,,,,bfe7fd14-980a-4f72-9eb8-824c2e5cb943,be4c4286-2c02-4dca-86d4-56e19aa348f7,82ad5ec0-c83c-42bb-91b7-f6c4e1e09e8c,4923b37c-381e-48e6-ba91-7c75d4151f64,,5ee1c1db-bf8c-475a-99b0-262bbc7a50b2
2023-06-18,SWA,3229,BWI,SAV,Main,C12,Main,9,false,,2023-06-18T08:35,2023-06-18T08:31,2023-06-18T08:45,2023-06-18T09:09:52,2023-06-18T10:03,2023-06-18T10:32:32,2023-06-18T10:20,2023-06-18T10:37,Boeing 737-800,N8310C,,,,,,,d6ae0b2c-549e-4e0c-af99-119b24118392,be4c4286-2c02-4dca-86d4-56e19aa348f7,4923b37c-381e-48e6-ba91-7c75d4151f64,46bb7aec-1c6b-409d-803a-de29e8700bdf,,8ad8530e-acd0-42bf-abc5-1e70c4a076bf
2023-07-10,SWA,1104,SAV,DAL,Main,9,1,8,false,,2023-07-10T10:50,2023-07-10T11:32,2023-07-10T11:00,2023-07-10T11:43:54,2023-07-10T12:23,2023-07-10T12:53:40,2023-07-10T12:20,2023-07-10T12:59,Boeing 737-800,N8553W,,,,,,,f72eac54-48db-4438-9cd7-8bcb2ec02938,be4c4286-2c02-4dca-86d4-56e19aa348f7,46bb7aec-1c6b-409d-803a-de29e8700bdf,3cbb70b8-eb30-493b-98df-313a5f330fa8,,8ad8530e-acd0-42bf-abc5-1e70c4a076bf
2023-07-10,SWA,244,DAL,AUS,1,7,Main,18,false,,2023-07-10T13:35,2023-07-10T14:50,2023-07-10T13:44:10,2023-07-10T14:59:32,2023-07-10T14:26,2023-07-10T15:32:12,2023-07-10T14:30,2023-07-10T15:39,Boeing 737-700,N951WN,,,,,,,4ce45571-a726-4ea0-a85b-96e356551b6c,be4c4286-2c02-4dca-86d4-56e19aa348f7,3cbb70b8-eb30-493b-98df-313a5f330fa8,d63b6bd2-9ed4-447e-914f-ca4d96f28653,,886c3a0c-c7a3-4205-982f-35cddc765ae1
2023-07-13,SWA,3289,AUS,HOU,Main,16,Main,26,false,,2023-07-13T10:50,2023-07-13T10:48,2023-07-13T10:59:10,2023-07-13T10:55:56,2023-07-13T11:30:10,2023-07-13T11:29:40,2023-07-13T11:45,2023-07-13T11:37,Boeing 737-800,N8679A,,,,,,,93f9148a-9dda-4475-8485-e05176d156a1,be4c4286-2c02-4dca-86d4-56e19aa348f7,d63b6bd2-9ed4-447e-914f-ca4d96f28653,44f745ca-154b-4d48-ba97-c5d9ad5d3ff7,,8ad8530e-acd0-42bf-abc5-1e70c4a076bf
2023-07-13,SWA,302,HOU,SAV,Main,21,Main,9,false,,2023-07-13T13:45,2023-07-13T13:41,2023-07-13T13:55,2023-07-13T13:52,2023-07-13T16:49,2023-07-13T16:42,2023-07-13T17:00,2023-07-13T16:50,Boeing 737-700,N927WN,,,,,,,ccff7d07-15c9-4816-811c-8e1457cb2d74,be4c4286-2c02-4dca-86d4-56e19aa348f7,44f745ca-154b-4d48-ba97-c5d9ad5d3ff7,46bb7aec-1c6b-409d-803a-de29e8700bdf,,886c3a0c-c7a3-4205-982f-35cddc765ae1
2023-09-25,SWA,1597,BDL,BWI,Main,2,Main,B6,false,,2023-09-25T06:40,2023-09-25T06:43,2023-09-25T06:50,2023-09-25T06:54:05,2023-09-25T07:44,2023-09-25T07:45,2023-09-25T07:50,2023-09-25T07:50,Boeing 737 MAX 8,N8790Q,,,,,,,551f1181-27f2-4f3a-b6ac-cf71c98d2d1e,be4c4286-2c02-4dca-86d4-56e19aa348f7,82ad5ec0-c83c-42bb-91b7-f6c4e1e09e8c,4923b37c-381e-48e6-ba91-7c75d4151f64,,5ee1c1db-bf8c-475a-99b0-262bbc7a50b2
2023-09-25,SWA,2963,BWI,BHM,Main,A10,,C1,false,,2023-09-25T12:35,2023-09-25T12:37,2023-09-25T12:45,2023-09-25T12:50:49,2023-09-25T13:19:39,2023-09-25T13:31,2023-09-25T13:30,2023-09-25T13:35,Boeing 737-700,N7836A,,,,,,,b3f45bb2-0bc5-4d58-a9d4-cf90607287d5,be4c4286-2c02-4dca-86d4-56e19aa348f7,4923b37c-381e-48e6-ba91-7c75d4151f64,ad30c1c9-c6fb-42f3-a389-de328401691a,,886c3a0c-c7a3-4205-982f-35cddc765ae1
2023-10-04,SWA,1864,BHM,MDW,,C1,Main,B16,false,,2023-10-04T06:10,2023-10-04T06:08,2023-10-04T06:20,2023-10-04T06:14:01,2023-10-04T07:43,2023-10-04T07:40:47,2023-10-04T07:55,2023-10-04T07:46,Boeing 737-700,N224WN,,,,,,,cdc123cf-b6ae-48d7-8c85-b1314df6436d,be4c4286-2c02-4dca-86d4-56e19aa348f7,ad30c1c9-c6fb-42f3-a389-de328401691a,b1bccd34-3f11-416a-998f-65cc527ca2a0,,886c3a0c-c7a3-4205-982f-35cddc765ae1
2023-10-04,SWA,785,MDW,BWI,Main,B2,Main,C14,false,,2023-10-04T11:15,2023-10-04T11:29,2023-10-04T11:25,2023-10-04T11:39:30,2023-10-04T14:01,2023-10-04T14:05:11,2023-10-04T14:00,2023-10-04T14:11,Boeing 737-800,N8306H,,,,,,,c8be328f-32bb-4102-8886-67990d03bf9c,be4c4286-2c02-4dca-86d4-56e19aa348f7,b1bccd34-3f11-416a-998f-65cc527ca2a0,4923b37c-381e-48e6-ba91-7c75d4151f64,,8ad8530e-acd0-42bf-abc5-1e70c4a076bf
2023-10-06,SWA,1538,BHM,MDW,,C1,Main,B11,false,,2023-10-06T14:35,2023-10-06T14:58,2023-10-06T14:45,2023-10-06T15:09:45,2023-10-06T16:13,2023-10-06T16:32:17,2023-10-06T16:20,2023-10-06T16:38,Boeing 737 MAX 8,N8766T,,,,,,,d73cda73-2a21-4a16-b9cb-17a570ca03a9,be4c4286-2c02-4dca-86d4-56e19aa348f7,ad30c1c9-c6fb-42f3-a389-de328401691a,b1bccd34-3f11-416a-998f-65cc527ca2a0,,5ee1c1db-bf8c-475a-99b0-262bbc7a50b2
2023-10-06,SWA,1256,MDW,BDL,Main,A19,Main,4,false,,2023-10-06T19:00,2023-10-06T19:12,2023-10-06T19:10,2023-10-06T19:23:08,2023-10-06T21:55,2023-10-06T21:58,2023-10-06T22:00,2023-10-06T22:06,Boeing 737-700,N936WN,,,,,,,9a93e674-444e-482b-9c71-ce1955cf9399,be4c4286-2c02-4dca-86d4-56e19aa348f7,b1bccd34-3f11-416a-998f-65cc527ca2a0,82ad5ec0-c83c-42bb-91b7-f6c4e1e09e8c,,886c3a0c-c7a3-4205-982f-35cddc765ae1
2023-10-07,SWA,1082,BHM,BWI,,C1,Main,A8,false,,2023-10-07T06:00,2023-10-07T05:53,2023-10-07T06:10,2023-10-07T06:04:54,2023-10-07T08:43,2023-10-07T08:32:24,2023-10-07T09:00,2023-10-07T08:38,Boeing 737-700,N934WN,,,,,,,7b698af8-b0bf-4fca-8718-41f0ca34d0d3,be4c4286-2c02-4dca-86d4-56e19aa348f7,ad30c1c9-c6fb-42f3-a389-de328401691a,4923b37c-381e-48e6-ba91-7c75d4151f64,,886c3a0c-c7a3-4205-982f-35cddc765ae1
2023-10-07,SWA,956,BWI,BDL,Main,B11,Main,2,false,,2023-10-07T10:15,2023-10-07T10:13,2023-10-07T10:25,2023-10-07T10:22:49,2023-10-07T11:13,2023-10-07T11:09,2023-10-07T11:25,2023-10-07T11:19,Boeing 737-700,N7741C,,,,,,,3e851953-8cda-47e7-95f9-dd4307b2ef81,be4c4286-2c02-4dca-86d4-56e19aa348f7,4923b37c-381e-48e6-ba91-7c75d4151f64,82ad5ec0-c83c-42bb-91b7-f6c4e1e09e8c,,886c3a0c-c7a3-4205-982f-35cddc765ae1
2023-10-27,AAL,4271,BHM,LGA,,A1,B,28,false,,2023-10-27T07:00,2023-10-27T06:59,2023-10-27T07:10,2023-10-27T07:11,2023-10-27T09:52,2023-10-27T10:08,2023-10-27T10:26,2023-10-27T10:15,Embraer 175,N416YX,,,,,,,061db723-8a3f-4af2-8a1f-2dbe7434bc8d,ae1fc6a5-c42d-4e70-ba63-d641d248d270,ad30c1c9-c6fb-42f3-a389-de328401691a,dfeb8457-3376-49f8-b542-dbeb2ec9f719,,36728d5b-40cd-46ec-93ba-8822376b565d
2023-12-26,DAL,5375,LGA,ROC,C,96,Main,B1,false,,2023-12-26T09:45,2023-12-26T09:40,2023-12-26T09:55,2023-12-26T09:59,2023-12-26T10:36,2023-12-26T10:46,2023-12-26T11:25,2023-12-26T10:54,"Bombardier CRJ900 ",N902XJ,HIMXRU,4A,WINDOW,FIRST,,,8203f28d-2b8f-44e5-934a-04dc486dc3d1,a8765091-d043-44b1-936c-d217bb519e56,dfeb8457-3376-49f8-b542-dbeb2ec9f719,ce3cd5ff-d696-4675-b664-4e4e7ba92da7,,8a4bd3f7-3aac-4e32-8a52-07e5525b36e3
2023-12-29,DAL,5258,BUF,JFK,,20,4,A16,false,,2023-12-29T18:06,2023-12-29T18:03,2023-12-29T18:16,2023-12-29T18:17,2023-12-29T19:07,2023-12-29T19:22,2023-12-29T20:00,2023-12-29T19:40,"Bombardier CRJ900 ",N678CA,,6D,,PREMIUM_ECONOMY,,,18c2ab6e-4b18-486c-a6c4-53dc335e2771,a8765091-d043-44b1-936c-d217bb519e56,b82e1bd6-c2e0-416e-ac07-9bceb09e5389,fc332185-4dde-4791-b449-0de5e83e47b9,,8a4bd3f7-3aac-4e32-8a52-07e5525b36e3
2024-01-16,JBU,7,JFK,LHR,5,23,2,A17,false,,2024-01-16T20:57,2024-01-16T21:02,2024-01-16T21:07,2024-01-16T21:53,2024-01-17T08:24,2024-01-17T09:15,2024-01-17T09:30,2024-01-17T09:24,Airbus A321neo,N4062J,,23D,AISLE,ECONOMY,BUSINESS,,692a992d-c57d-4f8e-9c8f-fb328f6bfba2,765155ec-70b3-4183-9cd3-10d1f5127405,fc332185-4dde-4791-b449-0de5e83e47b9,5a2a51a0-1a5b-42c9-b220-c61953fac034,,2e99cd6b-cec7-4ec7-a85e-dbc2b5e25a8f
2024-01-24,JBU,20,LHR,JFK,2,A17,5,29,false,,2024-01-24T12:20,2024-01-24T12:08,2024-01-24T12:30,2024-01-24T12:39,2024-01-24T15:39,2024-01-24T15:44,2024-01-24T15:29,2024-01-24T15:58,Airbus A321neo,N4062J,,23D,AISLE,ECONOMY,BUSINESS,,60177e3d-4c8b-419d-a71c-62f570cbfcd4,765155ec-70b3-4183-9cd3-10d1f5127405,5a2a51a0-1a5b-42c9-b220-c61953fac034,fc332185-4dde-4791-b449-0de5e83e47b9,,2e99cd6b-cec7-4ec7-a85e-dbc2b5e25a8f
2024-02-11,SWA,1110,LGA,MDW,B,55,Main,A11,false,,2024-02-11T07:05,2024-02-11T07:04,2024-02-11T07:15,2024-02-11T07:24,2024-02-11T08:34,2024-02-11T08:30,2024-02-11T08:45,2024-02-11T08:36,Boeing 737-800,N8582Z,4QAA4O,,,,BUSINESS,,30328135-0c99-42ba-b0c4-c2e896224594,be4c4286-2c02-4dca-86d4-56e19aa348f7,dfeb8457-3376-49f8-b542-dbeb2ec9f719,b1bccd34-3f11-416a-998f-65cc527ca2a0,,8ad8530e-acd0-42bf-abc5-1e70c4a076bf
2024-02-11,SWA,393,MDW,BHM,Main,B3,,C3,false,,2024-02-11T11:15,2024-02-11T11:10,2024-02-11T11:25,2024-02-11T11:20,2024-02-11T12:45,2024-02-11T12:44,2024-02-11T13:00,2024-02-11T12:49,Boeing 737-800,N8577Z,4QAA4O,,,,BUSINESS,,39f61324-799d-49ef-ba45-157d9c752790,be4c4286-2c02-4dca-86d4-56e19aa348f7,b1bccd34-3f11-416a-998f-65cc527ca2a0,ad30c1c9-c6fb-42f3-a389-de328401691a,,8ad8530e-acd0-42bf-abc5-1e70c4a076bf
2024-02-15,SWA,1578,BHM,MDW,,C1,Main,B21,false,,2024-02-15T15:40,2024-02-15T15:47,2024-02-15T15:50,2024-02-15T15:56,2024-02-15T17:30,2024-02-15T17:32,2024-02-15T17:30,2024-02-15T17:39,Boeing 737-700,N960WN,4QAA4O,,,,BUSINESS,,16c17545-0309-4496-bbdd-1dcd9ae6a9f9,be4c4286-2c02-4dca-86d4-56e19aa348f7,ad30c1c9-c6fb-42f3-a389-de328401691a,b1bccd34-3f11-416a-998f-65cc527ca2a0,,886c3a0c-c7a3-4205-982f-35cddc765ae1
2024-02-15,SWA,2156,MDW,LGA,Main,B26,B,48,false,,2024-02-15T19:30,2024-02-15T19:42,2024-02-15T19:40,2024-02-15T19:56,2024-02-15T22:01,2024-02-15T22:23,2024-02-15T22:30,2024-02-15T22:31,Boeing 737-800,N8634A,4QAA4O,,,ECONOMY,BUSINESS,,efa0ac4c-9f1b-440b-9217-cf3a1d5a26dd,be4c4286-2c02-4dca-86d4-56e19aa348f7,b1bccd34-3f11-416a-998f-65cc527ca2a0,dfeb8457-3376-49f8-b542-dbeb2ec9f719,,8ad8530e-acd0-42bf-abc5-1e70c4a076bf
2024-04-27,DAL,4936,LGA,BHM,C,82,,A8,false,,2024-04-27T09:20,2024-04-27T09:14,2024-04-27T09:30,2024-04-27T09:42,2024-04-27T10:27,2024-04-27T10:45,2024-04-27T11:11,2024-04-27T10:48,"Bombardier CRJ900 ",N607LR,,6D,WINDOW,PREMIUM_ECONOMY,,,bc9bba98-6137-4f21-bac6-9429c69fd752,a8765091-d043-44b1-936c-d217bb519e56,dfeb8457-3376-49f8-b542-dbeb2ec9f719,ad30c1c9-c6fb-42f3-a389-de328401691a,,8a4bd3f7-3aac-4e32-8a52-07e5525b36e3
2024-05-01,SWA,2353,BHM,MDW,,C3,Main,A11,false,,2024-05-01T15:10,2024-05-01T15:17,2024-05-01T15:20,2024-05-01T15:26,2024-05-01T16:51,2024-05-01T16:48,2024-05-01T17:00,2024-05-01T16:54,Boeing 737-700,N490WN,,14E,MIDDLE,ECONOMY,,,b10e88c2-b3f6-49f1-8be1-99702ebb36c9,be4c4286-2c02-4dca-86d4-56e19aa348f7,ad30c1c9-c6fb-42f3-a389-de328401691a,b1bccd34-3f11-416a-998f-65cc527ca2a0,,886c3a0c-c7a3-4205-982f-35cddc765ae1
2024-05-01,SWA,2724,MDW,LGA,Main,A11,B,54,false,,2024-05-01T17:50,2024-05-01T17:50,2024-05-01T18:00,2024-05-01T18:00,2024-05-01T20:50,2024-05-01T20:35,2024-05-01T21:00,2024-05-01T20:42,Boeing 737-700,N490WN,,,,,,,ee8cd96a-b7b5-428a-acc8-b48c35e5f575,be4c4286-2c02-4dca-86d4-56e19aa348f7,b1bccd34-3f11-416a-998f-65cc527ca2a0,dfeb8457-3376-49f8-b542-dbeb2ec9f719,,886c3a0c-c7a3-4205-982f-35cddc765ae1
2024-05-15,SWA,1368,LGA,DAL,B,57,1,17,false,,2024-05-15T06:05,2024-05-15T06:02,2024-05-15T06:15,2024-05-15T06:24,2024-05-15T08:42,2024-05-15T08:25,2024-05-15T08:55,2024-05-15T08:34,Boeing 737-800,N8313F,,,,,,,c57c1539-008a-42fb-82e4-9a40ce167f92,be4c4286-2c02-4dca-86d4-56e19aa348f7,dfeb8457-3376-49f8-b542-dbeb2ec9f719,3cbb70b8-eb30-493b-98df-313a5f330fa8,,8ad8530e-acd0-42bf-abc5-1e70c4a076bf
2024-05-21,SWA,473,DAL,MDW,1,5,Main,A15,false,,2024-05-21T11:55,2024-05-21T11:57,2024-05-21T12:05,2024-05-21T12:14,2024-05-21T13:43,2024-05-21T13:59,2024-05-21T14:10,2024-05-21T14:04,Boeing 737-800,N8645A,4M4ELQ,,,,,,6fa81d42-d70b-4461-9d8e-f4993a63f5c6,be4c4286-2c02-4dca-86d4-56e19aa348f7,3cbb70b8-eb30-493b-98df-313a5f330fa8,b1bccd34-3f11-416a-998f-65cc527ca2a0,,8ad8530e-acd0-42bf-abc5-1e70c4a076bf
2024-05-21,SWA,168,MDW,LGA,Main,B7,B,48,false,,2024-05-21T15:25,2024-05-21T16:02,2024-05-21T15:28,2024-05-21T16:23,2024-05-21T18:06,2024-05-21T19:04,2024-05-21T18:30,2024-05-21T19:17,Boeing 737-800,N8569Z,4M4ELQ,,,,,,702be629-ea40-40b5-afd1-60c3e33447fd,be4c4286-2c02-4dca-86d4-56e19aa348f7,b1bccd34-3f11-416a-998f-65cc527ca2a0,dfeb8457-3376-49f8-b542-dbeb2ec9f719,,8ad8530e-acd0-42bf-abc5-1e70c4a076bf
2024-06-24,SWA,4577,HOU,LGA,Main,47,B,54,false,,2024-06-24T18:45,2024-06-24T19:09,2024-06-24T18:55,2024-06-24T19:21,2024-06-24T23:03,2024-06-24T23:29,2024-06-24T23:25,2024-06-24T23:58,Boeing 737 MAX 8,N8912Q,,,,,,,51023b2e-8541-4139-af16-46a8d5ea23f7,be4c4286-2c02-4dca-86d4-56e19aa348f7,44f745ca-154b-4d48-ba97-c5d9ad5d3ff7,dfeb8457-3376-49f8-b542-dbeb2ec9f719,,5ee1c1db-bf8c-475a-99b0-262bbc7a50b2
2024-07-31,DAL,5267,LGA,SAV,C,64,Main,15,false,,2024-07-31T08:54,2024-07-31T08:53,2024-07-31T09:04,2024-07-31T09:14,2024-07-31T10:38,2024-07-31T10:58,2024-07-31T11:20,2024-07-31T11:13,"Bombardier CRJ900 ",N348PQ,,1A,WINDOW,FIRST,LEISURE,,79aba8da-b388-4bfd-adb9-5717cb833a48,a8765091-d043-44b1-936c-d217bb519e56,dfeb8457-3376-49f8-b542-dbeb2ec9f719,46bb7aec-1c6b-409d-803a-de29e8700bdf,,8a4bd3f7-3aac-4e32-8a52-07e5525b36e3
2024-08-07,SWA,4277,LGA,HOU,B,57,Main,46,false,,2024-08-07T11:55,2024-08-07T12:08,2024-08-07T12:05,2024-08-07T12:20,2024-08-07T14:44,2024-08-07T14:21,2024-08-07T14:50,2024-08-07T14:29,Boeing 737-800,N8529Z,,16F,WINDOW,ECONOMY,BUSINESS,,0a755602-6090-451c-888f-f9f399b34ad7,be4c4286-2c02-4dca-86d4-56e19aa348f7,dfeb8457-3376-49f8-b542-dbeb2ec9f719,44f745ca-154b-4d48-ba97-c5d9ad5d3ff7,,8ad8530e-acd0-42bf-abc5-1e70c4a076bf
2024-08-07,SWA,1525,HOU,LAS,Main,1,1,C11,false,,2024-08-07T16:20,2024-08-07T16:43,2024-08-07T16:30,2024-08-07T16:59,2024-08-07T17:17,2024-08-07T17:34,2024-08-07T17:30,2024-08-07T17:41,Boeing 737-800,N8321D,,,,,BUSINESS,,4f6a34e5-abf4-4b45-8f8e-3030da2a656d,be4c4286-2c02-4dca-86d4-56e19aa348f7,44f745ca-154b-4d48-ba97-c5d9ad5d3ff7,13ec7b81-ab66-4c6c-b632-92f18740c05b,,8ad8530e-acd0-42bf-abc5-1e70c4a076bf
2024-08-11,DAL,864,LAS,DTW,1,D38,M,A64,false,,2024-08-11T06:05,2024-08-11T06:08,2024-08-11T06:22,2024-08-11T06:31,2024-08-11T12:44,2024-08-11T12:49,2024-08-11T12:58,2024-08-11T13:02,Boeing 757-300,N588NW,JN837C,6D,WINDOW,FIRST,BUSINESS,,c9b277ec-f495-4681-903c-f754b9641807,a8765091-d043-44b1-936c-d217bb519e56,13ec7b81-ab66-4c6c-b632-92f18740c05b,8eee2bc8-dcbf-4b7b-a221-e38cce7c823a,,0e3e6575-bd45-480c-bd83-360ac9fc02d2
2024-08-11,DAL,2602,DTW,LGA,E,A70,C,69,false,,2024-08-11T14:07,2024-08-11T14:06,2024-08-11T14:17,2024-08-11T14:42,2024-08-11T15:25,2024-08-11T15:50,2024-08-11T15:57,2024-08-11T16:12,Airbus A321,N395DZ,JN837C,6D,WINDOW,FIRST,BUSINESS,,732bef69-4fdb-445c-a8a9-2791d1dc3cd8,a8765091-d043-44b1-936c-d217bb519e56,8eee2bc8-dcbf-4b7b-a221-e38cce7c823a,dfeb8457-3376-49f8-b542-dbeb2ec9f719,,5904cdc2-eccf-41fe-8345-e82a51d3269c
2024-08-15,DAL,5366,LGA,BUF,C,67,,23,false,,2024-08-15T07:59,2024-08-15T07:49,2024-08-15T08:09,2024-08-15T08:09,2024-08-15T08:59,2024-08-15T08:55,2024-08-15T09:30,2024-08-15T08:59,"Bombardier CRJ900 ",N691CA,JJ8VZR,9A,WINDOW,PREMIUM_ECONOMY,BUSINESS,,533eb586-f24c-4448-ba7b-b27a1e03999a,a8765091-d043-44b1-936c-d217bb519e56,dfeb8457-3376-49f8-b542-dbeb2ec9f719,b82e1bd6-c2e0-416e-ac07-9bceb09e5389,,8a4bd3f7-3aac-4e32-8a52-07e5525b36e3
2024-08-16,DAL,2484,BHM,ATL,,A6,S,B26,false,,2024-08-16T17:58,2024-08-16T17:52,2024-08-16T18:08,2024-08-16T18:14,2024-08-16T19:49,2024-08-16T19:49,2024-08-16T20:09,2024-08-16T20:04,Boeing 737-900ER,N937DZ,,,,PREMIUM_ECONOMY,BUSINESS,,c0a5b3cb-c5ce-4048-a081-f89ff486e772,a8765091-d043-44b1-936c-d217bb519e56,ad30c1c9-c6fb-42f3-a389-de328401691a,6f0c1d11-cfef-4b33-b462-90379270f593,,24012541-435d-4a27-af8a-4791336f1965
2024-08-16,DAL,2050,BUF,ATL,,23,S,A4,false,BHM,2024-08-16T19:34,2024-08-16T19:42,2024-08-16T19:44,2024-08-16T19:59,2024-08-16T21:57,2024-08-16T21:24,2024-08-16T21:44,2024-08-16T21:48,Airbus A320,N334NW,,,,PREMIUM_ECONOMY,BUSINESS,,9c783c66-7bc7-43f7-a297-5f39becb4cd9,a8765091-d043-44b1-936c-d217bb519e56,b82e1bd6-c2e0-416e-ac07-9bceb09e5389,6f0c1d11-cfef-4b33-b462-90379270f593,ad30c1c9-c6fb-42f3-a389-de328401691a,dd390a1f-e92a-4411-ab72-04db16d42030
2024-08-17,DAL,827,ATL,LAX,S,A27,2,20,false,,2024-08-17T06:15,2024-08-17T06:08,2024-08-17T06:25,2024-08-17T06:23,2024-08-17T07:31,2024-08-17T07:21,2024-08-17T07:51,2024-08-17T07:44,Airbus A321,N385DZ,,,,PREMIUM_ECONOMY,BUSINESS,,5d15b58b-697d-499a-9190-ece5f42d5bca,a8765091-d043-44b1-936c-d217bb519e56,6f0c1d11-cfef-4b33-b462-90379270f593,25b8d712-9888-423f-868d-b25f1d184aaf,,5904cdc2-eccf-41fe-8345-e82a51d3269c
2024-08-21,DAL,802,LAX,DTW,3,37A,E,A56,false,,2024-08-21T11:45,2024-08-21T11:49,2024-08-21T11:55,2024-08-21T12:02,2024-08-21T18:41,2024-08-21T18:48,2024-08-21T19:06,2024-08-21T19:07,Boeing 757-300,N583NW,,,,PREMIUM_ECONOMY,BUSINESS,,1eaec065-7c2b-4ce8-9eb1-ea3ffa8e184a,a8765091-d043-44b1-936c-d217bb519e56,25b8d712-9888-423f-868d-b25f1d184aaf,8eee2bc8-dcbf-4b7b-a221-e38cce7c823a,,0e3e6575-bd45-480c-bd83-360ac9fc02d2
2024-08-21,DAL,2603,DTW,LGA,E,A50,C,88A,false,,2024-08-21T21:50,2024-08-21T22:24,2024-08-21T22:00,2024-08-21T22:35,2024-08-21T23:10,2024-08-21T23:41,2024-08-21T23:40,2024-08-21T23:48,Airbus A321,N317DN,,,,PREMIUM_ECONOMY,BUSINESS,,6eabf149-9b26-49a5-877e-e3d739952201,a8765091-d043-44b1-936c-d217bb519e56,8eee2bc8-dcbf-4b7b-a221-e38cce7c823a,dfeb8457-3376-49f8-b542-dbeb2ec9f719,,5904cdc2-eccf-41fe-8345-e82a51d3269c
2024-08-24,DAL,856,LGA,DFW,C,74,E,E17,false,,2024-08-24T11:30,2024-08-24T11:23,2024-08-24T11:40,2024-08-24T11:38,2024-08-24T13:39,2024-08-24T13:31,2024-08-24T14:19,2024-08-24T13:44,Airbus A220-100,N132DU,,16C,AISLE,ECONOMY,BUSINESS,,6240e899-9d0f-482c-b33a-83c5a8a9d75a,a8765091-d043-44b1-936c-d217bb519e56,dfeb8457-3376-49f8-b542-dbeb2ec9f719,1573100e-e4a3-47b0-9399-01b36074e1f5,,08f3690a-67fe-4be4-8138-cc20b688f722
2024-09-07,SWA,3973,DAL,LGA,1,9,B,54,false,,2024-09-07T15:35,2024-09-07T15:35,2024-09-07T15:45,2024-09-07T15:52,2024-09-07T19:23,2024-09-07T19:35,2024-09-07T19:59,,Boeing 737-800,N8573Z,,,,,,,6e290314-05e8-4e11-95e0-990de7174ff9,be4c4286-2c02-4dca-86d4-56e19aa348f7,3cbb70b8-eb30-493b-98df-313a5f330fa8,dfeb8457-3376-49f8-b542-dbeb2ec9f719,,8ad8530e-acd0-42bf-abc5-1e70c4a076bf
2024-09-12,DAL,1691,DFW,LGA,E,E12,C,68,false,,2024-09-12T13:00,2024-09-12T12:53,2024-09-12T13:10,2024-09-12T13:29,2024-09-12T17:16,2024-09-12T17:31,2024-09-12T17:40,2024-09-12T17:37,Airbus A220-100,N133DU,,,,,BUSINESS,,bb011799-67de-466b-aeb5-191157829f2c,a8765091-d043-44b1-936c-d217bb519e56,1573100e-e4a3-47b0-9399-01b36074e1f5,dfeb8457-3376-49f8-b542-dbeb2ec9f719,,08f3690a-67fe-4be4-8138-cc20b688f722
2024-09-18,DAL,878,DFW,LGA,E,E16,C,67,false,,2024-09-18T09:45,2024-09-18T09:39,2024-09-18T09:55,2024-09-18T10:00,2024-09-18T13:59,2024-09-18T14:03,2024-09-18T14:15,2024-09-18T14:07,Airbus A220-300,N321DU,,15E,WINDOW,PREMIUM_ECONOMY,BUSINESS,,d3a766a6-4728-440b-bd10-e5e1cba17252,a8765091-d043-44b1-936c-d217bb519e56,1573100e-e4a3-47b0-9399-01b36074e1f5,dfeb8457-3376-49f8-b542-dbeb2ec9f719,,c6158951-56ef-48ec-b8ae-5f7e9c0c24c0
2024-09-23,DAL,1390,LGA,ORD,C,89B,5,M10,false,,2024-09-23T16:30,2024-09-23T16:19,2024-09-23T16:40,2024-09-23T16:36,2024-09-23T17:37,2024-09-23T17:34,2024-09-23T18:18,2024-09-23T17:52,Airbus A220-100,N130DU,HMYGVI,,,ECONOMY,BUSINESS,,c81e5d08-e2f4-4bd4-a587-b0c36a3c59eb,a8765091-d043-44b1-936c-d217bb519e56,dfeb8457-3376-49f8-b542-dbeb2ec9f719,a5eff314-18e7-4c87-bd38-0131882f1b8d,,08f3690a-67fe-4be4-8138-cc20b688f722
2024-09-30,DAL,2894,ORD,LGA,5,M11,C,64,false,,2024-09-30T12:12,2024-09-30T12:08,2024-09-30T12:22,2024-09-30T12:27,2024-09-30T15:05,2024-09-30T15:09,2024-09-30T15:30,2024-09-30T15:14,Airbus A220-100,N125DU,,13A,WINDOW,ECONOMY,BUSINESS,,4c2dc25f-1462-4400-bd85-bf377cea5084,a8765091-d043-44b1-936c-d217bb519e56,a5eff314-18e7-4c87-bd38-0131882f1b8d,dfeb8457-3376-49f8-b542-dbeb2ec9f719,,08f3690a-67fe-4be4-8138-cc20b688f722
2024-10-17,DAL,342,LGA,ATL,C,75,S,A9,false,,2024-10-17T07:00,2024-10-17T06:56,2024-10-17T07:10,2024-10-17T07:13,2024-10-17T08:47,2024-10-17T08:47,2024-10-17T09:29,2024-10-17T08:56,Airbus A321,N361DN,GOWVBE,17F,WINDOW,ECONOMY,LEISURE,,c9d39757-b589-4541-8f3d-e26152208f1e,a8765091-d043-44b1-936c-d217bb519e56,dfeb8457-3376-49f8-b542-dbeb2ec9f719,6f0c1d11-cfef-4b33-b462-90379270f593,,5904cdc2-eccf-41fe-8345-e82a51d3269c
2024-10-17,SWA,2262,LGA,DAL,B,57,1,15,false,,2024-10-17T10:30,2024-10-17T10:31,2024-10-17T10:40,2024-10-17T11:08,2024-10-17T12:24,2024-10-17T12:55,2024-10-17T13:15,2024-10-17T13:23,Boeing 737-800,N8631A,,,,,,,f1cc7ce9-2b87-45e4-838f-e7e6f5547898,be4c4286-2c02-4dca-86d4-56e19aa348f7,dfeb8457-3376-49f8-b542-dbeb2ec9f719,3cbb70b8-eb30-493b-98df-313a5f330fa8,,4f7a0cdc-f82f-4544-9e7b-f49a80b8463a
2024-10-17,DAL,414,ATL,DFW,S,A31,E,E17,false,,2024-10-17T11:15,2024-10-17T11:18,2024-10-17T11:25,2024-10-17T11:31,2024-10-17T12:13,2024-10-17T12:12,2024-10-17T12:35,2024-10-17T12:18,Airbus A321,N307DX,GOWVBE,,,ECONOMY,LEISURE,,8f868281-2b62-40a6-af4d-d80b6327ce74,a8765091-d043-44b1-936c-d217bb519e56,6f0c1d11-cfef-4b33-b462-90379270f593,1573100e-e4a3-47b0-9399-01b36074e1f5,,5904cdc2-eccf-41fe-8345-e82a51d3269c
2024-10-21,SWA,3157,DAL,LGA,1,7,B,54,false,,2024-10-21T13:00,2024-10-21T13:00,2024-10-21T13:10,2024-10-21T13:16,2024-10-21T17:03,2024-10-21T17:10,2024-10-21T17:15,2024-10-21T17:23,Boeing 737-800,N500WR,,,,,LEISURE,,6c295013-81d4-4d35-a850-f932eb3e0dc5,be4c4286-2c02-4dca-86d4-56e19aa348f7,3cbb70b8-eb30-493b-98df-313a5f330fa8,dfeb8457-3376-49f8-b542-dbeb2ec9f719,,8ad8530e-acd0-42bf-abc5-1e70c4a076bf
2024-12-07,DAL,1122,LGA,DTW,C,74,E,A10,false,,2024-12-07T12:55,2024-12-07T12:49,2024-12-07T13:05,2024-12-07T12:58,2024-12-07T14:30,2024-12-07T14:24,2024-12-07T14:53,2024-12-07T14:29,Boeing 737-900ER,N870DN,HUD7UL,12A,WINDOW,PREMIUM_ECONOMY,BUSINESS,,1560e57e-ccba-4ae7-bf5d-3aa48d3332e2,a8765091-d043-44b1-936c-d217bb519e56,dfeb8457-3376-49f8-b542-dbeb2ec9f719,8eee2bc8-dcbf-4b7b-a221-e38cce7c823a,,24012541-435d-4a27-af8a-4791336f1965
2024-12-07,DAL,766,DTW,LAS,E,A72,1,D36,false,,2024-12-07T16:06,2024-12-07T16:05,2024-12-07T16:16,2024-12-07T16:16,2024-12-07T16:47,2024-12-07T16:50,2024-12-07T17:38,2024-12-07T17:01,Airbus A321,N325DN,HUD7UL,4A,WINDOW,FIRST,BUSINESS,,36c55695-3b1f-42b1-84ee-510adcf5fc0f,a8765091-d043-44b1-936c-d217bb519e56,8eee2bc8-dcbf-4b7b-a221-e38cce7c823a,13ec7b81-ab66-4c6c-b632-92f18740c05b,,5904cdc2-eccf-41fe-8345-e82a51d3269c
2024-12-11,DAL,947,LAS,ATL,1,D35,S,T2,false,,2024-12-11T11:25,2024-12-11T11:28,2024-12-11T11:35,2024-12-11T11:57,2024-12-11T17:41,2024-12-11T18:03,2024-12-11T18:21,2024-12-11T18:20,Airbus A330-300,N822NW,,21J,,FIRST,BUSINESS,,68d50c56-ee0b-40cb-a3c2-f6413122c43a,a8765091-d043-44b1-936c-d217bb519e56,13ec7b81-ab66-4c6c-b632-92f18740c05b,6f0c1d11-cfef-4b33-b462-90379270f593,,6eab475b-ae92-46cd-a1b8-66937c85f7cc
2024-12-11,DAL,468,ATL,LGA,S,A31,C,79,false,,2024-12-11T19:30,2024-12-11T19:54,2024-12-11T20:23,2024-12-11T20:24,2024-12-11T21:57,2024-12-11T22:11,2024-12-11T21:42,2024-12-11T22:18,Airbus A321,N371DN,HUD7UL,13E,AISLE,PREMIUM_ECONOMY,BUSINESS,,b62e981e-0b29-4f73-bce4-e66510a2647f,a8765091-d043-44b1-936c-d217bb519e56,6f0c1d11-cfef-4b33-b462-90379270f593,dfeb8457-3376-49f8-b542-dbeb2ec9f719,,5904cdc2-eccf-41fe-8345-e82a51d3269c
2024-12-30,DAL,969,LGA,ATL,C,76,S,B33,false,,2024-12-30T18:00,2024-12-30T17:59,2024-12-30T18:10,2024-12-30T18:08,2024-12-30T20:04,2024-12-30T20:01,2024-12-30T20:39,2024-12-30T20:21,Airbus A321,N396DN,,,,FIRST,LEISURE,,9f378d7d-6795-44cf-bd17-b0e66a24ae93,a8765091-d043-44b1-936c-d217bb519e56,dfeb8457-3376-49f8-b542-dbeb2ec9f719,6f0c1d11-cfef-4b33-b462-90379270f593,,5904cdc2-eccf-41fe-8345-e82a51d3269c
2024-12-30,DAL,1601,ATL,IAH,S,C37,A,14,false,,2024-12-30T22:40,2024-12-30T22:38,2024-12-30T22:56,2024-12-30T22:52,2024-12-30T23:43,2024-12-30T23:37,2024-12-30T23:56,2024-12-30T23:49,Airbus A321,N336DX,,,,FIRST,LEISURE,,a0c2bc4c-91d9-4f6e-bd6b-3eb7b50f630e,a8765091-d043-44b1-936c-d217bb519e56,6f0c1d11-cfef-4b33-b462-90379270f593,9a82d843-2e36-4dba-8a6c-ea86d70b316b,,5904cdc2-eccf-41fe-8345-e82a51d3269c
2025-01-03,DAL,1682,IAH,ATL,A,A15,S,A9,false,,2025-01-03T14:52,2025-01-03T14:49,2025-01-03T15:02,2025-01-03T15:01,2025-01-03T17:38,2025-01-03T17:28,2025-01-03T18:00,2025-01-03T17:32,Airbus A320,N329NW,,10D,AISLE,PREMIUM_ECONOMY,LEISURE,,34cec2a7-d8f9-48b7-bdb8-452d8d314e4d,a8765091-d043-44b1-936c-d217bb519e56,9a82d843-2e36-4dba-8a6c-ea86d70b316b,6f0c1d11-cfef-4b33-b462-90379270f593,,dd390a1f-e92a-4411-ab72-04db16d42030
2025-01-03,DAL,1079,ATL,BDL,S,A33,Main,A12,false,,2025-01-03T19:45,2025-01-03T19:37,2025-01-03T19:55,2025-01-03T19:50,2025-01-03T21:42,2025-01-03T21:41,2025-01-03T21:58,2025-01-03T21:46,Boeing 737-900ER,N904DN,,,WINDOW,FIRST,LEISURE,,a10368e1-1de4-466c-b2a1-ca268bf3709c,a8765091-d043-44b1-936c-d217bb519e56,6f0c1d11-cfef-4b33-b462-90379270f593,82ad5ec0-c83c-42bb-91b7-f6c4e1e09e8c,,24012541-435d-4a27-af8a-4791336f1965
2025-01-22,DAL,738,JFK,LAX,4,B30,2,25A,false,,2025-01-22T15:50,2025-01-22T15:50,2025-01-22T16:00,2025-01-22T16:11,2025-01-22T18:36,2025-01-22T18:43,2025-01-22T19:24,2025-01-22T19:15,Boeing 767-400,N835MH,,1D,WINDOW,BUSINESS,BUSINESS,,6923b14a-fca8-4413-9b81-ff67b1d4238b,a8765091-d043-44b1-936c-d217bb519e56,fc332185-4dde-4791-b449-0de5e83e47b9,25b8d712-9888-423f-868d-b25f1d184aaf,,dae07e29-15b1-4f35-9552-d70888135843
2025-01-26,DAL,915,LAX,JFK,3,32,4,B28,false,,2025-01-26T23:55,2025-01-27T00:47,2025-01-27T01:11,2025-01-27T01:11,2025-01-27T08:39,2025-01-27T08:50,2025-01-27T08:20,2025-01-27T08:57,Boeing 767-300,N187DN,,,,BUSINESS,BUSINESS,,62ee8d02-10e4-45d9-a92e-659587aa6384,a8765091-d043-44b1-936c-d217bb519e56,25b8d712-9888-423f-868d-b25f1d184aaf,fc332185-4dde-4791-b449-0de5e83e47b9,,3e31e7b6-cfc1-4a82-b88b-bbb8ecad73c3
2025-03-17,DAL,2239,LGA,MCO,C,88B,B,77,false,,2025-03-17T13:50,2025-03-17T14:01,2025-03-17T14:00,2025-03-17T14:30,2025-03-17T16:30,2025-03-17T16:48,2025-03-17T16:40,2025-03-17T16:57,Airbus A321,N310DN,JOKRW9,,,PREMIUM_ECONOMY,BUSINESS,,20d2dfb1-5d8a-4ba0-be4d-9ed41cca02dc,a8765091-d043-44b1-936c-d217bb519e56,dfeb8457-3376-49f8-b542-dbeb2ec9f719,85570a14-2373-4bad-a7b5-b3a9a7fdce90,,5904cdc2-eccf-41fe-8345-e82a51d3269c
2025-03-19,DAL,805,MCO,LGA,B,72,C,88A,false,,2025-03-19T12:10,2025-03-19T12:08,2025-03-19T12:20,2025-03-19T12:19,2025-03-19T14:40,2025-03-19T14:39,2025-03-19T14:50,2025-03-19T14:45,Airbus A321,N365DN,JOKRW9,,,PREMIUM_ECONOMY,BUSINESS,,3969d725-258e-4559-9b5c-11c4a5bd78d0,a8765091-d043-44b1-936c-d217bb519e56,85570a14-2373-4bad-a7b5-b3a9a7fdce90,dfeb8457-3376-49f8-b542-dbeb2ec9f719,,5904cdc2-eccf-41fe-8345-e82a51d3269c
2025-03-23,DAL,636,JFK,HNL,4,B41,2,G1,false,,2025-03-23T10:55,2025-03-23T10:53,2025-03-23T11:17,2025-03-23T11:05,2025-03-23T15:53,2025-03-23T15:47,2025-03-23T16:15,2025-03-23T16:22,Boeing 767-300,N186DN,,7B,AISLE,BUSINESS,LEISURE,,ab7f24d4-c57e-4f31-891f-040204674742,a8765091-d043-44b1-936c-d217bb519e56,fc332185-4dde-4791-b449-0de5e83e47b9,520bf633-9001-4347-9db0-5aa228ee7c30,,3e31e7b6-cfc1-4a82-b88b-bbb8ecad73c3
2025-04-03,DAL,650,HNL,JFK,2,E8,4,B22,false,,2025-04-03T15:10,2025-04-03T15:26,2025-04-03T15:20,2025-04-03T15:47,2025-04-04T06:54,2025-04-04T06:38,2025-04-04T07:04,2025-04-04T06:44,Boeing 767-300,N193DN,,,,FIRST,LEISURE,,5f94c9b4-9dd6-4bc4-ad7f-05cdb3249431,a8765091-d043-44b1-936c-d217bb519e56,520bf633-9001-4347-9db0-5aa228ee7c30,fc332185-4dde-4791-b449-0de5e83e47b9,,3e31e7b6-cfc1-4a82-b88b-bbb8ecad73c3
2025-04-07,DAL,2239,LGA,MCO,C,88B,B,78,false,,2025-04-07T13:45,2025-04-07T14:57,2025-04-07T13:55,2025-04-07T15:26,2025-04-07T16:30,2025-04-07T18:01,2025-04-07T16:40,2025-04-07T18:09,Airbus A321,N385DZ,,,,PREMIUM_ECONOMY,BUSINESS,,4c4a1182-a928-4f55-b971-0d739463907a,a8765091-d043-44b1-936c-d217bb519e56,dfeb8457-3376-49f8-b542-dbeb2ec9f719,85570a14-2373-4bad-a7b5-b3a9a7fdce90,,5904cdc2-eccf-41fe-8345-e82a51d3269c
2025-04-09,DAL,805,MCO,LGA,B,78,C,86,false,,2025-04-09T12:06,2025-04-09T12:36,2025-04-09T12:16,2025-04-09T12:46,2025-04-09T14:37,2025-04-09T14:51,2025-04-09T14:47,2025-04-09T14:57,Airbus A321,N301DV,JPXOPB,,,FIRST,BUSINESS,,3c5c453b-989f-4afa-b7f8-4111236db291,a8765091-d043-44b1-936c-d217bb519e56,85570a14-2373-4bad-a7b5-b3a9a7fdce90,dfeb8457-3376-49f8-b542-dbeb2ec9f719,,5904cdc2-eccf-41fe-8345-e82a51d3269c
2025-04-14,DAL,2987,LGA,MCO,C,88A,B,73,false,,2025-04-14T13:50,2025-04-14T14:34,2025-04-14T14:00,2025-04-14T14:52,2025-04-14T16:35,2025-04-14T17:11,2025-04-14T16:45,2025-04-14T17:19,Airbus A321,N396DN,JPZIDJ,,,PREMIUM_ECONOMY,BUSINESS,,f3c55c1e-d194-4299-9d18-d1ffd1956223,a8765091-d043-44b1-936c-d217bb519e56,dfeb8457-3376-49f8-b542-dbeb2ec9f719,85570a14-2373-4bad-a7b5-b3a9a7fdce90,,5904cdc2-eccf-41fe-8345-e82a51d3269c
2025-04-16,DAL,1548,MCO,ATL,B,71,S,A29,false,,2025-04-16T05:30,2025-04-16T05:23,2025-04-16T05:40,2025-04-16T05:35,2025-04-16T06:55,2025-04-16T06:38,2025-04-16T07:05,2025-04-16T06:43,Boeing 757-200,N539US,JPZIDJ,,WINDOW,PREMIUM_ECONOMY,BUSINESS,,c53da5b4-3e5e-488a-844a-8dffa0d11ea2,a8765091-d043-44b1-936c-d217bb519e56,85570a14-2373-4bad-a7b5-b3a9a7fdce90,6f0c1d11-cfef-4b33-b462-90379270f593,,2c3a4012-9fb9-44fc-9a71-0b6cb336042e
2025-04-16,DAL,777,ATL,LAS,S,A6,1,D34,false,,2025-04-16T08:25,2025-04-16T08:22,2025-04-16T08:35,2025-04-16T08:43,2025-04-16T09:40,2025-04-16T09:44,2025-04-16T09:50,2025-04-16T09:50,Boeing 767-400,N832MH,JPZIDJ,,WINDOW,PREMIUM_ECONOMY,BUSINESS,,437823ce-6c98-45ba-a301-6f4bf67011e5,a8765091-d043-44b1-936c-d217bb519e56,6f0c1d11-cfef-4b33-b462-90379270f593,13ec7b81-ab66-4c6c-b632-92f18740c05b,,dae07e29-15b1-4f35-9552-d70888135843
2025-04-23,DAL,857,LAS,ATL,1,D32,S,T8,false,,2025-04-23T00:35,2025-04-23T00:38,2025-04-23T00:45,2025-04-23T00:46,2025-04-23T07:08,2025-04-23T07:07,2025-04-23T07:18,2025-04-23T07:15,Airbus A321,N344DN,JPZIDJ,,WINDOW,PREMIUM_ECONOMY,BUSINESS,,0af453fd-7330-4200-9b51-8ed9ad9a921b,a8765091-d043-44b1-936c-d217bb519e56,13ec7b81-ab66-4c6c-b632-92f18740c05b,6f0c1d11-cfef-4b33-b462-90379270f593,,5904cdc2-eccf-41fe-8345-e82a51d3269c
2025-04-23,DAL,513,ATL,LGA,S,T8,C,69,false,,2025-04-23T08:30,2025-04-23T08:28,2025-04-23T08:40,2025-04-23T08:39,2025-04-23T10:33,2025-04-23T10:18,2025-04-23T10:43,2025-04-23T10:21,Airbus A321,N344DN,JPZIDJ,,AISLE,ECONOMY,BUSINESS,,8df273bf-e609-4ab5-bad3-b5208c127255,a8765091-d043-44b1-936c-d217bb519e56,6f0c1d11-cfef-4b33-b462-90379270f593,dfeb8457-3376-49f8-b542-dbeb2ec9f719,,5904cdc2-eccf-41fe-8345-e82a51d3269c
2025-04-23,DAL,5003,LGA,TYS,C,63,,1,false,,2025-04-23T18:25,2025-04-23T18:15,2025-04-23T18:35,2025-04-23T18:29,2025-04-23T20:30,2025-04-23T20:02,2025-04-23T20:40,2025-04-23T20:06,"Bombardier CRJ900 ",N485PX,,,WINDOW,FIRST,BUSINESS,,ead34c72-66c3-4f76-bf9e-81f5f234cce3,a8765091-d043-44b1-936c-d217bb519e56,dfeb8457-3376-49f8-b542-dbeb2ec9f719,b268c0de-47e1-4f14-b537-566b2ad22631,,8a4bd3f7-3aac-4e32-8a52-07e5525b36e3
2025-05-10,DAL,4918,TYS,LGA,,1,C,62,false,,2025-05-10T11:10,2025-05-10T11:11,2025-05-10T11:20,2025-05-10T11:29,2025-05-10T13:04,2025-05-10T12:56,2025-05-10T13:14,2025-05-10T13:01,"Bombardier CRJ900 ",N916XJ,,,AISLE,PREMIUM_ECONOMY,BUSINESS,,9d228401-f8a7-4245-b94b-c4cf9a4025ea,a8765091-d043-44b1-936c-d217bb519e56,b268c0de-47e1-4f14-b537-566b2ad22631,dfeb8457-3376-49f8-b542-dbeb2ec9f719,,8a4bd3f7-3aac-4e32-8a52-07e5525b36e3
2025-05-12,DAL,2520,LGA,MCO,C,86,B,76,false,,2025-05-12T15:45,2025-05-12T15:50,2025-05-12T15:55,2025-05-12T16:04,2025-05-12T18:33,2025-05-12T18:20,2025-05-12T18:43,2025-05-12T19:00,Airbus A321,N125DN,,1A,WINDOW,FIRST,BUSINESS,,1e67f179-bdde-4725-bcc5-dd286cc9b03a,a8765091-d043-44b1-936c-d217bb519e56,dfeb8457-3376-49f8-b542-dbeb2ec9f719,85570a14-2373-4bad-a7b5-b3a9a7fdce90,,5904cdc2-eccf-41fe-8345-e82a51d3269c
2025-05-14,DAL,1523,MCO,LGA,B,73,C,83,false,,2025-05-14T07:09,2025-05-14T06:57,2025-05-14T07:19,2025-05-14T07:14,2025-05-14T09:44,2025-05-14T09:17,2025-05-14T09:54,2025-05-14T09:26,Airbus A321,N352DN,,,,,BUSINESS,,0f4560b6-190b-4891-aac7-5e174f8e960d,a8765091-d043-44b1-936c-d217bb519e56,85570a14-2373-4bad-a7b5-b3a9a7fdce90,dfeb8457-3376-49f8-b542-dbeb2ec9f719,,5904cdc2-eccf-41fe-8345-e82a51d3269c
2025-05-18,DAL,2540,LGA,MCO,C,74,B,82,false,,2025-05-18T19:25,2025-05-18T19:17,2025-05-18T19:35,2025-05-18T19:45,2025-05-18T22:06,2025-05-18T21:56,2025-05-18T22:16,2025-05-18T22:03,Airbus A321,N380DN,,,,,BUSINESS,,cae2190c-7262-40fe-b823-1917971db7d9,a8765091-d043-44b1-936c-d217bb519e56,dfeb8457-3376-49f8-b542-dbeb2ec9f719,85570a14-2373-4bad-a7b5-b3a9a7fdce90,,5904cdc2-eccf-41fe-8345-e82a51d3269c
2025-05-21,DAL,1523,MCO,LGA,B,80,C,86,false,,2025-05-21T07:09,2025-05-21T06:58,2025-05-21T07:19,2025-05-21T07:15,2025-05-21T09:44,2025-05-21T09:23,2025-05-21T09:54,2025-05-21T09:30,Airbus A321,N322DN,,,,,BUSINESS,,08fb14d7-bac0-490e-ae5d-807325342a1e,a8765091-d043-44b1-936c-d217bb519e56,85570a14-2373-4bad-a7b5-b3a9a7fdce90,dfeb8457-3376-49f8-b542-dbeb2ec9f719,,5904cdc2-eccf-41fe-8345-e82a51d3269c
2025-05-26,DAL,2029,BDL,ATL,A,A9,S,B14,false,,2025-05-26T19:08,2025-05-26T19:13,2025-05-26T19:18,2025-05-26T19:23,2025-05-26T21:39,2025-05-26T21:29,2025-05-26T21:49,2025-05-26T21:38,Airbus A320,N351NW,,,,FIRST,BUSINESS,,180bd4ae-2291-44a6-b255-39af132af0ea,a8765091-d043-44b1-936c-d217bb519e56,82ad5ec0-c83c-42bb-91b7-f6c4e1e09e8c,6f0c1d11-cfef-4b33-b462-90379270f593,,dd390a1f-e92a-4411-ab72-04db16d42030
2025-05-26,DAL,3072,ATL,TYS,S,B22,,5,false,,2025-05-26T22:55,2025-05-26T22:48,2025-05-26T23:05,2025-05-26T23:00,2025-05-26T23:41,2025-05-26T23:28,2025-05-26T23:51,2025-05-26T23:32,Boeing 737-900ER,N819DN,,,,PREMIUM_ECONOMY,BUSINESS,,e35f6214-7db7-43b5-8683-f4b78396b674,a8765091-d043-44b1-936c-d217bb519e56,6f0c1d11-cfef-4b33-b462-90379270f593,b268c0de-47e1-4f14-b537-566b2ad22631,,24012541-435d-4a27-af8a-4791336f1965
2025-06-08,DAL,5116,TYS,LGA,,1,C,70,false,,2025-06-08T06:10,2025-06-08T06:28,2025-06-08T06:20,2025-06-08T06:48,2025-06-08T08:03,2025-06-08T08:11,2025-06-08T08:13,2025-06-08T08:19,"Bombardier CRJ900 ",N914XJ,,1A,,FIRST,BUSINESS,,24493a0f-5459-47c4-973a-bbe36c713f44,a8765091-d043-44b1-936c-d217bb519e56,b268c0de-47e1-4f14-b537-566b2ad22631,dfeb8457-3376-49f8-b542-dbeb2ec9f719,,8a4bd3f7-3aac-4e32-8a52-07e5525b36e3
2025-06-10,DAL,969,LGA,ATL,C,87,S,B28,false,,2025-06-10T16:00,2025-06-10T16:52,2025-06-10T16:38,2025-06-10T17:19,2025-06-10T18:36,2025-06-10T19:07,2025-06-10T18:38,2025-06-10T19:13,Airbus A321,N396DN,,,,,LEISURE,,1631ab50-28f2-475b-84bd-c5cb1d5279e7,a8765091-d043-44b1-936c-d217bb519e56,dfeb8457-3376-49f8-b542-dbeb2ec9f719,6f0c1d11-cfef-4b33-b462-90379270f593,,5904cdc2-eccf-41fe-8345-e82a51d3269c
2025-06-10,DAL,561,ATL,FAT,S,E9,,11,false,,2025-06-10T19:30,2025-06-10T20:01,2025-06-10T19:40,2025-06-10T20:21,2025-06-10T21:05,2025-06-10T21:36,2025-06-10T21:15,2025-06-10T21:41,Boeing 737-800,N3762Y,,,,,LEISURE,,f01155f4-94dd-412a-a6e1-e65ee9d49f7f,a8765091-d043-44b1-936c-d217bb519e56,6f0c1d11-cfef-4b33-b462-90379270f593,a4b0c75d-9491-497d-99b1-02f61765dcb9,,8ad8530e-acd0-42bf-abc5-1e70c4a076bf
2025-06-14,UAL,5787,FAT,DEN,,,Main,B62,false,,2025-06-14T09:00,2025-06-14T08:51,2025-06-14T09:10,2025-06-14T09:06,2025-06-14T12:18,2025-06-14T11:59,2025-06-14T12:28,2025-06-14T12:07,Embraer 175,N612UX,,2A,WINDOW,FIRST,LEISURE,,7961fd6e-16ed-4cf8-bd8b-5631b4397556,b57b4c86-4724-48f1-80be-d7de4036004a,a4b0c75d-9491-497d-99b1-02f61765dcb9,d00b5728-0678-4689-b660-fe9e583203dc,,36728d5b-40cd-46ec-93ba-8822376b565d
2025-06-14,UAL,1611,DEN,LGA,Main,A21,B,47,false,,2025-06-14T13:55,2025-06-14T13:47,2025-06-14T14:05,2025-06-14T14:08,2025-06-14T19:36,2025-06-14T19:28,2025-06-14T19:46,2025-06-14T19:36,Boeing 737 MAX 8,N17322,,4A,WINDOW,FIRST,LEISURE,,861c6bc3-ca53-4907-99f3-50cb27912213,b57b4c86-4724-48f1-80be-d7de4036004a,d00b5728-0678-4689-b660-fe9e583203dc,dfeb8457-3376-49f8-b542-dbeb2ec9f719,,5ee1c1db-bf8c-475a-99b0-262bbc7a50b2
2025-06-16,DAL,2520,LGA,MCO,C,72,B,71,false,,2025-06-16T15:47,2025-06-16T16:22,2025-06-16T15:57,2025-06-16T17:11,2025-06-16T18:40,2025-06-16T19:32,2025-06-16T18:50,2025-06-16T19:38,Airbus A321,N396DN,,,,PREMIUM_ECONOMY,BUSINESS,,3381b33d-d6b0-4dc7-affa-623287ea0f39,a8765091-d043-44b1-936c-d217bb519e56,dfeb8457-3376-49f8-b542-dbeb2ec9f719,85570a14-2373-4bad-a7b5-b3a9a7fdce90,,5904cdc2-eccf-41fe-8345-e82a51d3269c
2025-06-18,DAL,1523,MCO,LGA,B,84,C,86,false,,2025-06-18T07:10,2025-06-18T07:07,2025-06-18T07:20,2025-06-18T07:18,2025-06-18T09:43,2025-06-18T09:25,2025-06-18T09:53,2025-06-18T09:34,Airbus A321,N398DN,,,,PREMIUM_ECONOMY,BUSINESS,,6b74373f-8a6e-48a9-a573-6dddea1245fc,a8765091-d043-44b1-936c-d217bb519e56,85570a14-2373-4bad-a7b5-b3a9a7fdce90,dfeb8457-3376-49f8-b542-dbeb2ec9f719,,5904cdc2-eccf-41fe-8345-e82a51d3269c
2025-07-07,DAL,2842,LGA,MCO,C,87,B,72,false,,2025-07-07T19:29,2025-07-07T21:15,2025-07-07T19:39,2025-07-07T22:20,2025-07-07T22:23,2025-07-08T00:27,2025-07-07T22:33,2025-07-08T00:34,Airbus A321,N104DN,,1B,AISLE,FIRST,BUSINESS,,c5120acd-9afd-42cb-b552-983fa0d0db26,a8765091-d043-44b1-936c-d217bb519e56,dfeb8457-3376-49f8-b542-dbeb2ec9f719,85570a14-2373-4bad-a7b5-b3a9a7fdce90,,5904cdc2-eccf-41fe-8345-e82a51d3269c
2025-07-09,DAL,1523,MCO,LGA,B,82,C,79,true,,2025-07-09T07:05,,2025-07-09T07:15,,2025-07-09T09:41,,2025-07-09T09:51,,Airbus A321,N348DN,,1A,WINDOW,FIRST,BUSINESS,,ed3f6bce-779d-4172-b01e-84260de0822d,a8765091-d043-44b1-936c-d217bb519e56,85570a14-2373-4bad-a7b5-b3a9a7fdce90,dfeb8457-3376-49f8-b542-dbeb2ec9f719,,5904cdc2-eccf-41fe-8345-e82a51d3269c
2025-07-09,DAL,1505,MCO,ATL,B,82,S,A15,false,,2025-07-09T09:00,2025-07-09T08:53,2025-07-09T09:10,2025-07-09T09:07,2025-07-09T10:22,2025-07-09T10:05,2025-07-09T10:32,2025-07-09T10:15,Boeing 757-200,N685DA,,,,FIRST,BUSINESS,,be99eb17-9279-4028-a472-1bb311c78c12,a8765091-d043-44b1-936c-d217bb519e56,85570a14-2373-4bad-a7b5-b3a9a7fdce90,6f0c1d11-cfef-4b33-b462-90379270f593,,2c3a4012-9fb9-44fc-9a71-0b6cb336042e
2025-07-09,DAL,467,ATL,LGA,S,A20,C,87,false,,2025-07-09T11:30,2025-07-09T11:26,2025-07-09T11:40,2025-07-09T11:42,2025-07-09T13:34,2025-07-09T13:23,2025-07-09T13:44,2025-07-09T13:29,Airbus A321,N105DX,,,,FIRST,BUSINESS,,04ded9e8-1d8d-4fb4-b1ee-709d11d2df90,a8765091-d043-44b1-936c-d217bb519e56,6f0c1d11-cfef-4b33-b462-90379270f593,dfeb8457-3376-49f8-b542-dbeb2ec9f719,,5904cdc2-eccf-41fe-8345-e82a51d3269c
2025-07-21,DAL,563,LGA,MCI,C,69,,B44,false,,2025-07-21T18:29,2025-07-21T18:39,2025-07-21T18:39,2025-07-21T19:03,2025-07-21T20:44,2025-07-21T20:37,2025-07-21T20:54,2025-07-21T20:45,Airbus A220-100,N102DU,,,,,BUSINESS,,3ca9cdd7-cfd2-417d-82bd-a5980380c4a1,a8765091-d043-44b1-936c-d217bb519e56,dfeb8457-3376-49f8-b542-dbeb2ec9f719,bd6062aa-a329-43e4-b684-82b0e7579c91,,08f3690a-67fe-4be4-8138-cc20b688f722
2025-07-23,DAL,1843,MCI,DTW,,B48,M,A63,false,,2025-07-23T14:07,2025-07-23T13:58,2025-07-23T14:17,2025-07-23T14:12,2025-07-23T16:52,2025-07-23T16:38,2025-07-23T17:02,2025-07-23T16:45,Boeing 717-200,N940AT,,2A,WINDOW,FIRST,BUSINESS,,27b6ac41-0d7a-442d-b18d-0ff93c57d463,a8765091-d043-44b1-936c-d217bb519e56,bd6062aa-a329-43e4-b684-82b0e7579c91,8eee2bc8-dcbf-4b7b-a221-e38cce7c823a,,92a68bee-2e3c-4fc9-975a-20b0d93ac3ed
2025-07-23,DAL,2604,DTW,LGA,M,A21,C,84,false,,2025-07-23T17:59,2025-07-23T19:42,2025-07-23T18:09,2025-07-23T19:57,2025-07-23T19:40,2025-07-23T21:13,2025-07-23T19:50,2025-07-23T21:21,Airbus A320,N319US,,,,ECONOMY,BUSINESS,,e67d6775-24d0-4dff-8e36-7cc9a7d6d20a,a8765091-d043-44b1-936c-d217bb519e56,8eee2bc8-dcbf-4b7b-a221-e38cce7c823a,dfeb8457-3376-49f8-b542-dbeb2ec9f719,,dd390a1f-e92a-4411-ab72-04db16d42030
2025-07-28,DAL,2561,LGA,MCO,C,88B,B,74,false,,2025-07-28T17:59,2025-07-28T18:14,2025-07-28T18:09,2025-07-28T18:51,2025-07-28T20:56,2025-07-28T20:54,2025-07-28T21:06,2025-07-28T21:03,Airbus A321,N380DN,,,,PREMIUM_ECONOMY,BUSINESS,,5117cd6d-21f9-46d2-9af1-dbe3d824a30c,a8765091-d043-44b1-936c-d217bb519e56,dfeb8457-3376-49f8-b542-dbeb2ec9f719,85570a14-2373-4bad-a7b5-b3a9a7fdce90,,5904cdc2-eccf-41fe-8345-e82a51d3269c
2025-07-30,DAL,1953,MCO,LGA,B,78,C,87,false,,2025-07-30T10:45,2025-07-30T10:44,2025-07-30T10:55,2025-07-30T10:56,2025-07-30T13:16,2025-07-30T13:07,2025-07-30T13:26,2025-07-30T13:14,Airbus A321,N375DN,,,,PREMIUM_ECONOMY,BUSINESS,,0ea219d3-0a54-4ed3-a472-134722ca897d,a8765091-d043-44b1-936c-d217bb519e56,85570a14-2373-4bad-a7b5-b3a9a7fdce90,dfeb8457-3376-49f8-b542-dbeb2ec9f719,,5904cdc2-eccf-41fe-8345-e82a51d3269c
2025-08-22,DAL,5725,LGA,BOS,C,98,A,A8,false,,2025-08-22T17:00,2025-08-22T16:58,2025-08-22T17:10,2025-08-22T17:22,2025-08-22T18:25,2025-08-22T18:00,2025-08-22T18:35,2025-08-22T18:11,Embraer 175,N217JQ,,,,PREMIUM_ECONOMY,BUSINESS,,31f4f3d8-734c-42ba-b481-93d0039f09f7,a8765091-d043-44b1-936c-d217bb519e56,dfeb8457-3376-49f8-b542-dbeb2ec9f719,813ec62f-c303-44d9-a041-a4434d6fd652,,36728d5b-40cd-46ec-93ba-8822376b565d
2025-08-25,DAL,1694,BOS,MCO,A,A18,B,75,false,,2025-08-25T15:05,2025-08-25T15:12,2025-08-25T15:28,2025-08-25T15:28,2025-08-25T18:13,2025-08-25T18:11,2025-08-25T18:30,2025-08-25T18:33,Airbus A321,N311DN,,13A,,PREMIUM_ECONOMY,BUSINESS,,fcc1a2a4-d53d-4867-8ef4-d82ba72ce8ba,a8765091-d043-44b1-936c-d217bb519e56,813ec62f-c303-44d9-a041-a4434d6fd652,85570a14-2373-4bad-a7b5-b3a9a7fdce90,,5904cdc2-eccf-41fe-8345-e82a51d3269c
2025-08-27,DAL,1523,MCO,LGA,B,80,C,75,false,,2025-08-27T07:05,2025-08-27T06:58,2025-08-27T07:15,2025-08-27T07:30,2025-08-27T09:41,2025-08-27T09:30,2025-08-27T09:51,2025-08-27T09:35,Airbus A321,N113DX,,13F,,PREMIUM_ECONOMY,BUSINESS,,826b495c-0807-465c-b570-9928911c57cc,a8765091-d043-44b1-936c-d217bb519e56,85570a14-2373-4bad-a7b5-b3a9a7fdce90,dfeb8457-3376-49f8-b542-dbeb2ec9f719,,5904cdc2-eccf-41fe-8345-e82a51d3269c
2025-09-07,DAL,873,LGA,DFW,C,73,E,E15,false,,2025-09-07T08:00,2025-09-07T07:53,2025-09-07T08:19,2025-09-07T08:21,2025-09-07T10:31,2025-09-07T10:35,2025-09-07T10:47,2025-09-07T10:47,Airbus A220-100,N108DQ,,3B,,FIRST,BUSINESS,,bef34e57-92a6-4a11-9602-24c3170cf252,a8765091-d043-44b1-936c-d217bb519e56,dfeb8457-3376-49f8-b542-dbeb2ec9f719,1573100e-e4a3-47b0-9399-01b36074e1f5,,08f3690a-67fe-4be4-8138-cc20b688f722
2025-10-25,DAL,461,DFW,LGA,E,E12,C,79,false,,2025-10-25T06:00,2025-10-25T05:53,2025-10-25T06:10,2025-10-25T06:11,2025-10-25T10:15,2025-10-25T10:02,2025-10-25T10:25,2025-10-25T10:07,Airbus A220-100,N113DQ,,1A,WINDOW,FIRST,BUSINESS,,1e0b57b5-0a3b-4568-abdb-09cacc52cd10,a8765091-d043-44b1-936c-d217bb519e56,1573100e-e4a3-47b0-9399-01b36074e1f5,dfeb8457-3376-49f8-b542-dbeb2ec9f719,,08f3690a-67fe-4be4-8138-cc20b688f722
2025-11-03,DAL,2561,LGA,MCO,C,65,B,77,false,,2025-11-03T17:50,2025-11-03T17:50,2025-11-03T18:00,2025-11-03T18:37,2025-11-03T20:32,2025-11-03T20:49,2025-11-03T20:42,2025-11-03T20:54,Airbus A321,N102DN,,5B,AISLE,FIRST,BUSINESS,,0361f610-7b51-4bfb-a24c-4c3319258a74,a8765091-d043-44b1-936c-d217bb519e56,dfeb8457-3376-49f8-b542-dbeb2ec9f719,85570a14-2373-4bad-a7b5-b3a9a7fdce90,,5904cdc2-eccf-41fe-8345-e82a51d3269c
2025-11-05,DAL,1455,MCO,DTW,B,74,M,A64,false,,2025-11-05T12:25,2025-11-05T12:18,2025-11-05T12:35,2025-11-05T12:35,2025-11-05T14:51,2025-11-05T14:43,2025-11-05T15:01,2025-11-05T14:51,Boeing 757-200,N6701,,5B,,FIRST,BUSINESS,,18f195df-a210-4872-b24c-3d1a9b64a30c,a8765091-d043-44b1-936c-d217bb519e56,85570a14-2373-4bad-a7b5-b3a9a7fdce90,8eee2bc8-dcbf-4b7b-a221-e38cce7c823a,,2c3a4012-9fb9-44fc-9a71-0b6cb336042e
2025-11-16,DAL,5606,DCA,LGA,2,B18,C,89B,false,,2025-11-16T11:30,2025-11-16T11:29,2025-11-16T11:40,2025-11-16T12:06,2025-11-16T12:36,2025-11-16T12:55,2025-11-16T12:46,2025-11-16T13:01,Embraer 170,N882RW,,3A,WINDOW,FIRST,BUSINESS,,ed549fb2-4b9a-46e9-966c-9045d26239d3,a8765091-d043-44b1-936c-d217bb519e56,be38c6f9-3dd7-41e2-baf8-929dbd2b54f3,dfeb8457-3376-49f8-b542-dbeb2ec9f719,,2acf1934-38ee-4709-8efa-7018f9be5222
2025-12-03,DAL,710,LGA,DEN,C,68,Main,A47,false,,2025-12-03T18:10,2025-12-03T18:02,2025-12-03T18:20,2025-12-03T18:35,2025-12-03T20:27,2025-12-03T20:56,2025-12-03T20:37,2025-12-03T21:03,Boeing 737-800,N3738B,,4B,AISLE,FIRST,BUSINESS,,d2da0788-9594-4b91-a1d6-d0f750c441ad,a8765091-d043-44b1-936c-d217bb519e56,dfeb8457-3376-49f8-b542-dbeb2ec9f719,d00b5728-0678-4689-b660-fe9e583203dc,,8ad8530e-acd0-42bf-abc5-1e70c4a076bf
2025-12-08,DAL,1893,AUS,MCO,Main,12,B,76,false,,2025-12-08T08:00,2025-12-08T08:08,2025-12-08T08:10,2025-12-08T08:22,2025-12-08T11:22,2025-12-08T11:14,2025-12-08T11:32,2025-12-08T11:25,Boeing 737-800,N390DA,,,,PREMIUM_ECONOMY,BUSINESS,,ef389702-8a0d-45cb-af99-f31f051623d7,a8765091-d043-44b1-936c-d217bb519e56,d63b6bd2-9ed4-447e-914f-ca4d96f28653,85570a14-2373-4bad-a7b5-b3a9a7fdce90,,8ad8530e-acd0-42bf-abc5-1e70c4a076bf
2025-12-10,DAL,484,MCO,LAX,B,87,3,38,false,,2025-12-10T07:00,2025-12-10T06:53,2025-12-10T07:10,2025-12-10T07:05,2025-12-10T09:35,2025-12-10T08:48,2025-12-10T09:45,2025-12-10T08:58,Airbus A321neo,N517DN,,3C,AISLE,FIRST,BUSINESS,,b3cef0c3-b605-4579-a601-c8d41c2f2895,a8765091-d043-44b1-936c-d217bb519e56,85570a14-2373-4bad-a7b5-b3a9a7fdce90,25b8d712-9888-423f-868d-b25f1d184aaf,,2e99cd6b-cec7-4ec7-a85e-dbc2b5e25a8f
2025-12-15,DAL,429,SEA,JFK,Main,B3,4,B42,false,,2025-12-15T07:20,2025-12-15T07:20,2025-12-15T07:46,2025-12-15T07:54,2025-12-15T15:13,2025-12-15T15:19,2025-12-15T15:49,2025-12-15T15:34,Airbus A321neo,N502DX,,3C,,FIRST,BUSINESS,,5fac6885-74f5-4e2c-ad3c-58d9022c4a97,a8765091-d043-44b1-936c-d217bb519e56,b3f217fd-4bc7-4806-9efe-abe9446a74df,fc332185-4dde-4791-b449-0de5e83e47b9,,2e99cd6b-cec7-4ec7-a85e-dbc2b5e25a8f
2025-12-18,DAL,2930,LGA,IAH,C,85,A,A10,false,,2025-12-18T13:45,2025-12-18T13:45,2025-12-18T13:55,2025-12-18T14:02,2025-12-18T16:43,2025-12-18T16:36,2025-12-18T16:53,2025-12-18T16:46,Airbus A220-100,N110DU,,,,,,,d451acde-acf2-4e7c-9c14-0d4129283293,a8765091-d043-44b1-936c-d217bb519e56,dfeb8457-3376-49f8-b542-dbeb2ec9f719,9a82d843-2e36-4dba-8a6c-ea86d70b316b,,08f3690a-67fe-4be4-8138-cc20b688f722
2025-12-21,DAL,1417,IAH,LGA,A,A14,C,79,false,,2025-12-21T06:30,,2025-12-21T06:40,,2025-12-21T10:46,,2025-12-21T10:56,,Airbus A220-100,N121DU,,3A,WINDOW,FIRST,LEISURE,,ca78ee66-2311-4fdc-ad41-92c42bbf29fd,a8765091-d043-44b1-936c-d217bb519e56,9a82d843-2e36-4dba-8a6c-ea86d70b316b,dfeb8457-3376-49f8-b542-dbeb2ec9f719,,08f3690a-67fe-4be4-8138-cc20b688f722
2025-12-21,DAL,1315,IAH,ATL,A,A10,S,A27,false,,2025-12-21T07:00,2025-12-21T07:13,2025-12-21T07:10,2025-12-21T07:30,2025-12-21T09:55,2025-12-21T10:02,2025-12-21T10:05,2025-12-21T10:12,Airbus A321,N366DX,,3D,WINDOW,FIRST,LEISURE,,915a472d-6b82-484d-84cc-308d4ea5e2ae,a8765091-d043-44b1-936c-d217bb519e56,9a82d843-2e36-4dba-8a6c-ea86d70b316b,6f0c1d11-cfef-4b33-b462-90379270f593,,5904cdc2-eccf-41fe-8345-e82a51d3269c
2025-12-21,DAL,371,ATL,LGA,S,D32,C,88B,false,,2025-12-21T11:00,2025-12-21T11:50,2025-12-21T11:10,2025-12-21T12:05,2025-12-21T13:02,2025-12-21T13:47,2025-12-21T13:12,2025-12-21T13:56,Airbus A320,N367NW,,4A,WINDOW,FIRST,LEISURE,,3b42783d-e4df-471e-9a4e-100b4b4b65d3,a8765091-d043-44b1-936c-d217bb519e56,6f0c1d11-cfef-4b33-b462-90379270f593,dfeb8457-3376-49f8-b542-dbeb2ec9f719,,dd390a1f-e92a-4411-ab72-04db16d42030
2026-01-19,DAL,2561,LGA,MCO,C,82,B,76,false,,2026-01-19T17:55,2026-01-19T18:34,2026-01-19T18:05,2026-01-19T19:17,2026-01-19T20:55,2026-01-19T21:48,2026-01-19T21:05,2026-01-19T21:55,Airbus A321,N111DC,,1A,WINDOW,FIRST,BUSINESS,,a2cd5abf-fdb2-4a17-a3cb-c311417a6f3e,a8765091-d043-44b1-936c-d217bb519e56,dfeb8457-3376-49f8-b542-dbeb2ec9f719,85570a14-2373-4bad-a7b5-b3a9a7fdce90,,5904cdc2-eccf-41fe-8345-e82a51d3269c
2026-01-21,DAL,1523,MCO,LGA,B,86,C,72,false,,2026-01-21T07:00,2026-01-21T06:47,2026-01-21T07:10,2026-01-21T06:59,2026-01-21T09:29,2026-01-21T08:56,2026-01-21T09:39,2026-01-21T09:03,Airbus A321,N129DN,,1D,WINDOW,FIRST,BUSINESS,,219e1ae8-a87d-4ccc-ba26-752d22718e54,a8765091-d043-44b1-936c-d217bb519e56,85570a14-2373-4bad-a7b5-b3a9a7fdce90,dfeb8457-3376-49f8-b542-dbeb2ec9f719,,5904cdc2-eccf-41fe-8345-e82a51d3269c
2026-01-22,DAL,5380,LGA,BUF,C,67,,23,false,,2026-01-22T15:29,2026-01-22T15:24,2026-01-22T15:39,2026-01-22T16:04,2026-01-22T16:54,2026-01-22T17:06,2026-01-22T17:04,2026-01-22T17:11,"Bombardier CRJ900 ",N930XJ,,1A,WINDOW,FIRST,BUSINESS,,ba3801cc-2978-4914-b3ca-2fbf91e46ae1,a8765091-d043-44b1-936c-d217bb519e56,dfeb8457-3376-49f8-b542-dbeb2ec9f719,b82e1bd6-c2e0-416e-ac07-9bceb09e5389,,8a4bd3f7-3aac-4e32-8a52-07e5525b36e3
2026-03-03,KLM,642,JFK,AMS,4,,2,E20,false,,2026-03-03T17:45,2026-03-03T17:59,2026-03-03T17:55,2026-03-03T18:36,2026-03-04T06:40,2026-03-04T06:42,2026-03-04T06:50,2026-03-04T06:48,Boeing 787-10,PHBKC,,2A,WINDOW,BUSINESS,BUSINESS,,ba93141b-2367-4232-a7aa-0147e0c3efc5,23930f39-7220-4a4b-a01e-3ab5508ca9f0,fc332185-4dde-4791-b449-0de5e83e47b9,f671c076-61b7-4572-8abb-359aaadaafd4,,7ee6dd4c-86a8-412a-8fd3-9dc79c771bc9
2026-03-04,KLM,939,AMS,GLA,2,D6,M,D06,false,,2026-03-04T12:10,2026-03-04T12:09,2026-03-04T12:20,2026-03-04T12:18,2026-03-04T12:35,2026-03-04T12:24,2026-03-04T12:45,2026-03-04T12:28,Embraer 190,PHEZG,,,,BUSINESS,BUSINESS,,11caa43b-4211-4c01-99f6-dbebf0337aed,23930f39-7220-4a4b-a01e-3ab5508ca9f0,f671c076-61b7-4572-8abb-359aaadaafd4,1d84ee70-3d47-4eba-a70e-5961d0c51d59,,fb807099-ea21-44f1-afb3-388faab25ae3
2026-03-28,DAL,2,LHR,JFK,3,TBA,4,B32,false,,2026-03-28T10:10,2026-03-28T10:03,2026-03-28T10:20,2026-03-28T10:24,2026-03-28T14:15,2026-03-28T14:17,2026-03-28T14:25,2026-03-28T14:27,Airbus A330-200,N857NW,JLHTBP,8C,AISLE,BUSINESS,LEISURE,,45b4d483-df93-4524-be09-2c11c71cb4ca,a8765091-d043-44b1-936c-d217bb519e56,5a2a51a0-1a5b-42c9-b220-c61953fac034,fc332185-4dde-4791-b449-0de5e83e47b9,,b592e11d-fad7-492c-9c29-998f09eed93e
2026-04-02,DAL,4905,LGA,STL,C,65,1,A8,false,,2026-04-02T14:40,2026-04-02T14:31,2026-04-02T14:50,2026-04-02T15:05,2026-04-02T16:21,2026-04-02T16:17,2026-04-02T16:31,2026-04-02T16:27,"Bombardier CRJ900 ",N829SK,,1A,WINDOW,FIRST,BUSINESS,,f6785e29-dd2d-4aef-920a-2a3468d367bc,a8765091-d043-44b1-936c-d217bb519e56,dfeb8457-3376-49f8-b542-dbeb2ec9f719,30c8d2d4-ab3c-4e75-bfff-7786e54941ae,,8a4bd3f7-3aac-4e32-8a52-07e5525b36e3
2026-04-05,DAL,5673,STL,LGA,1,,C,,false,,2026-04-05T06:10,,,,,,2026-04-05T09:34,,Embraer 170,,,,,,,,d75a9216-1dac-4a60-9138-467d7a788e6c,a8765091-d043-44b1-936c-d217bb519e56,30c8d2d4-ab3c-4e75-bfff-7786e54941ae,dfeb8457-3376-49f8-b542-dbeb2ec9f719,,2acf1934-38ee-4709-8efa-7018f9be5222
2026-04-13,DAL,2561,LGA,MCO,C,,B,,false,,2026-04-13T18:00,,,,,,2026-04-13T20:58,,Airbus A321,,,,,,,,39ce33f9-b0a4-42a5-adc9-d60f16bc3520,a8765091-d043-44b1-936c-d217bb519e56,dfeb8457-3376-49f8-b542-dbeb2ec9f719,85570a14-2373-4bad-a7b5-b3a9a7fdce90,,5904cdc2-eccf-41fe-8345-e82a51d3269c
2026-04-15,DAL,2025,MCO,SLC,B,,,,false,,2026-04-15T07:00,,,,,,2026-04-15T09:58,,Airbus A321neo,,GMXKHI,,,,,,a547f8af-64db-42f4-9402-c93b353d13e2,a8765091-d043-44b1-936c-d217bb519e56,85570a14-2373-4bad-a7b5-b3a9a7fdce90,a9fd3eb2-255a-4372-9c86-ff4f7ee1d2c1,,2e99cd6b-cec7-4ec7-a85e-dbc2b5e25a8f
2026-04-15,DAL,1659,SLC,LAS,,,1,,false,,2026-04-15T11:40,,,,,,2026-04-15T12:06,,Boeing 737-900,,GMXKHI,,,,BUSINESS,,1012b344-b5f8-4910-8ea6-03047c0fda5b,a8765091-d043-44b1-936c-d217bb519e56,a9fd3eb2-255a-4372-9c86-ff4f7ee1d2c1,13ec7b81-ab66-4c6c-b632-92f18740c05b,,96c34e5f-1bf1-475f-8bf2-23522f46bb23
2026-04-19,DAL,755,LAS,ATL,1,,S,,false,,2026-04-19T06:10,,,,,,2026-04-19T12:55,,Boeing 757,,,,,,,,a5696271-6071-4e48-8d15-a480964fdbe1,a8765091-d043-44b1-936c-d217bb519e56,13ec7b81-ab66-4c6c-b632-92f18740c05b,6f0c1d11-cfef-4b33-b462-90379270f593,,34ebd3d5-45da-494d-beca-6a644a5521b7
2026-04-19,DAL,433,ATL,LGA,S,,C,,false,,2026-04-19T15:30,,,,,,2026-04-19T17:42,,Airbus A321,,,,,,,,7ec173d5-c24b-4768-a9fe-88ae4c25ce75,a8765091-d043-44b1-936c-d217bb519e56,6f0c1d11-cfef-4b33-b462-90379270f593,dfeb8457-3376-49f8-b542-dbeb2ec9f719,,5904cdc2-eccf-41fe-8345-e82a51d3269c
2026-04-20,DAL,2520,LGA,MCO,C,,B,,false,,2026-04-20T15:45,,,,,,2026-04-20T18:50,,Airbus A321,,,,,,,,357a5e50-19ef-40b7-ac27-39f9f17e818b,a8765091-d043-44b1-936c-d217bb519e56,dfeb8457-3376-49f8-b542-dbeb2ec9f719,85570a14-2373-4bad-a7b5-b3a9a7fdce90,,5904cdc2-eccf-41fe-8345-e82a51d3269c
2026-04-22,DAL,1523,MCO,LGA,B,,C,,false,,2026-04-22T07:00,,,,,,2026-04-22T09:40,,Airbus A321,,,,,,,,56c36e6e-a01f-4c57-97de-5fa744a893fa,a8765091-d043-44b1-936c-d217bb519e56,85570a14-2373-4bad-a7b5-b3a9a7fdce90,dfeb8457-3376-49f8-b542-dbeb2ec9f719,,5904cdc2-eccf-41fe-8345-e82a51d3269c
2026-04-27,DAL,2561,LGA,MCO,C,,B,,false,,2026-04-27T18:00,,,,,,2026-04-27T20:58,,Airbus A321,,,,,,,,fcc6a16e-908a-417b-a099-caab35e38a4e,a8765091-d043-44b1-936c-d217bb519e56,dfeb8457-3376-49f8-b542-dbeb2ec9f719,85570a14-2373-4bad-a7b5-b3a9a7fdce90,,5904cdc2-eccf-41fe-8345-e82a51d3269c
2026-04-29,DAL,1523,MCO,LGA,B,,C,,false,,2026-04-29T07:00,,,,,,2026-04-29T09:40,,Airbus A321,,,,,,,,a5245eac-24f7-4523-9411-4c949f6b349f,a8765091-d043-44b1-936c-d217bb519e56,85570a14-2373-4bad-a7b5-b3a9a7fdce90,dfeb8457-3376-49f8-b542-dbeb2ec9f719,,5904cdc2-eccf-41fe-8345-e82a51d3269c
2026-06-25,AAL,4418,LGA,GRR,B,,Main,,false,,2026-06-25T11:00,,,,,,2026-06-25T13:17,,Embraer 175,,,,,,,,592d9088-9430-444b-b098-f273277562e1,ae1fc6a5-c42d-4e70-ba63-d641d248d270,dfeb8457-3376-49f8-b542-dbeb2ec9f719,efa1ef51-d270-4e94-85b0-18a91d9adebf,,01329aa5-421f-4d6e-844d-0f44b13e0edb
2026-06-27,AAL,4418,GRR,LGA,Main,,B,,false,,2026-06-27T13:38,,,,,,2026-06-27T15:43,,Embraer 175,,,,,,,,8266550c-9aeb-4f6e-97c0-74cf59f2c67f,ae1fc6a5-c42d-4e70-ba63-d641d248d270,efa1ef51-d270-4e94-85b0-18a91d9adebf,dfeb8457-3376-49f8-b542-dbeb2ec9f719,,01329aa5-421f-4d6e-844d-0f44b13e0edb
